SUBMISSION_REFERENCE,MEMBER_INSTITUTION_CODE,REPORTING_PERIOD_END,SUBMISSION_TYPE,CONTACT_EMAIL,TOTAL_RECORD_COUNT,MEMBER_LOAN_ACCOUNT_NUMBER,MEMBER_PROPERTY_REFERENCE,MEMBER_CUSTOMER_ID,PROPERTY_TYPE,PROPERTY_SUBTYPE,CONSTRUCTION_STATUS,OCCUPANCY_STATUS,ADDRESS_LINE_1,LOCALITY,CITY,DISTRICT,STATE,PINCODE,FLAT_NUMBER,PLOT_NUMBER,SURVEY_NUMBER,CTS_NUMBER,PROJECT_NAME,BUILDING_UNIT_IDENTIFIER,MUNICIPAL_AUTHORITY_ID,MUNICIPAL_ID_TYPE,BUILT_UP_AREA,LAND_AREA,AREA_UNIT,YEAR_OF_CONSTRUCTION,NUMBER_OF_FLOORS,TITLE_DOCUMENT_TYPE,TITLE_DOCUMENT_NUMBER,TITLE_DOCUMENT_DATE,OWNER_SEQUENCE,OWNER_NAME,OWNER_PAN,OWNER_TYPE,OWNERSHIP_PERCENT,OWNERSHIP_ROLE,BORROWER_TYPE,BORROWER_NAME,BORROWER_PAN,BORROWER_DATE_OF_BIRTH,BORROWER_MOBILE,BORROWER_EMAIL,BORROWER_ADDRESS_SAME_AS_PROPERTY,BORROWER_ADDRESS_LINE_1,BORROWER_LOCALITY,BORROWER_CITY,BORROWER_STATE,BORROWER_PINCODE,CO_BORROWER_SEQUENCE,CO_BORROWER_NAME,CO_BORROWER_PAN,CO_BORROWER_RELATIONSHIP,PRODUCT_TYPE,SANCTION_DATE,DISBURSEMENT_DATE,SANCTION_AMOUNT,CURRENT_OUTSTANDING,INTEREST_RATE,ACCOUNT_STATUS,ACCOUNT_STATUS_DATE,TENURE_MONTHS,DPD,TOP_UP,CHARGE_SEQUENCE,CHARGE_TYPE,CHARGE_AMOUNT,CHARGE_REGISTRATION_DATE,CHARGE_REGISTRATION_NUMBER,CHARGE_STATUS,CHARGE_RELEASE_DATE,PRIOR_CHARGE_HOLDER_NAME,VALUATION_SEQUENCE,VALUATION_DATE,VALUATION_AMOUNT,VALUATION_TYPE,VALUATOR_NAME,TITLE_DEED_AVAILABILITY,SALE_DEED_AVAILABILITY,ENCUMBRANCE_CERTIFICATE_AVAILABILITY,OCCUPANCY_CERTIFICATE_AVAILABILITY,APPROVED_PLAN_AVAILABILITY,LATITUDE,LONGITUDE,BRANCH_CODE,REGION_CODE,PROPERTY_DESCRIPTION,ADDRESS_LINE_2,LANDMARK
ABC-HFC-PROP-2026-Q1-001,HFC0000042,2026-03-31,FULL,collateral.data@abchfc.example.in,75,ABC-HL-0001,ABC-COL-0001,ABC-CIF-100001,INDUSTRIAL,WAREHOUSE,UNDER_CONSTRUCTION,,"11, Fort Main Road",Fort,Mumbai,Mumbai City,MH,400001,,Plot 1,,,,,,,875.96,,SQFT,2006,,SALE_DEED,REG/2018/100001,2018-07-19,1,Priya Iyer,BJPJH1097F,INDIVIDUAL,100.00,PRIMARY_OWNER,INDIVIDUAL,Priya Iyer,BJPJH1097F,1966-02-02,9700000001,priya.iyer1@email.example.in,Y,,,,,,,,,,COMMERCIAL_PROPERTY_LOAN,2019-02-02,2019-03-15,2674269.95,2236797.41,8.3000,ACTIVE,2026-03-31,121,0,N,1,REGISTERED_MORTGAGE,,2019-04-14,,ACTIVE,,,1,2025-02-15,3579775.86,MARKET_VALUE,Knight Frank India Pvt Ltd,NOT_AVAILABLE,PENDING,NOT_APPLICABLE,AVAILABLE,NOT_AVAILABLE,18.933200,72.832100,BR-MH-002,REG-MH,,,
ABC-HFC-PROP-2026-Q1-001,HFC0000042,2026-03-31,FULL,collateral.data@abchfc.example.in,75,ABC-HL-0002,ABC-COL-0002,ABC-CIF-100002,RESIDENTIAL,ROW_HOUSE,UNDER_CONSTRUCTION,,"12, Powai Main Road",Powai,Mumbai,Mumbai Suburban,MH,400076,,Plot 2,,,Lodha Palava,,,,1103.71,,SQFT,2007,,SALE_DEED,REG/2019/100002,2019-04-17,1,Amit Gupta,CSDTQ1194M,INDIVIDUAL,100.00,PRIMARY_OWNER,INDIVIDUAL,Amit Gupta,CSDTQ1194M,1967-03-03,9700000002,amit.gupta2@email.example.in,Y,,,,,,,,,,HOME_LOAN,2020-03-03,2020-04-17,36155047.07,23815535.59,8.3500,ACTIVE,2026-03-31,122,0,N,1,EQUITABLE_MORTGAGE,,,CHG/2020/60002,ACTIVE,,,1,2025-03-15,55202582.63,FAIR_VALUE,Knight Frank India Pvt Ltd,PENDING,NOT_APPLICABLE,AVAILABLE,NOT_AVAILABLE,PENDING,19.119600,72.908000,BR-MH-003,REG-MH,,,Opposite Powai Bus Stand
ABC-HFC-PROP-2026-Q1-001,HFC0000042,2026-03-31,FULL,collateral.data@abchfc.example.in,75,ABC-HL-0003,ABC-COL-0003,ABC-CIF-100003,RESIDENTIAL,APARTMENT,COMPLETED,SELF_OCCUPIED,"13, Koregaon Park Main Road",Koregaon Park,Pune,Pune,MH,411014,103,,,CTS 403/4/1,Brigade Utopia,Tower D Block 4,,,1163.78,,SQFT,2008,8,SALE_DEED,REG/2019/100003,2019-06-29,1,Sneha Kulkarni,DBTCY1291T,INDIVIDUAL,100.00,PRIMARY_OWNER,INDIVIDUAL,Sneha Kulkarni,DBTCY1291T,1968-04-04,9700000003,sneha.kulkarni3@email.example.in,N,"23, FC Road",Central,Pune,MH,411014,,,,,HOME_LOAN,2021-04-04,2021-06-22,16009989.73,8425102.80,8.4000,ACTIVE,2026-03-31,123,0,N,1,SECOND_CHARGE,,,,ACTIVE,,XYZ National Bank,1,2025-04-15,20585686.54,MARKET_VALUE,Knight Frank India Pvt Ltd,NOT_APPLICABLE,AVAILABLE,NOT_AVAILABLE,PENDING,AVAILABLE,18.539200,73.898800,BR-MH-004,REG-MH,2 BHK collateral in Pune,Near Koregaon Park Market,
ABC-HFC-PROP-2026-Q1-001,HFC0000042,2026-03-31,FULL,collateral.data@abchfc.example.in,75,ABC-HL-0004,ABC-COL-0004,ABC-CIF-100004,INDUSTRIAL,FACTORY,PLOT_ONLY,,"14, Ghodbunder Road Main Road",Ghodbunder Road,Thane,Thane,MH,400601,,Plot 4,,,,,PID-MH-88004,PID,2617.41,,SQFT,2009,,SALE_DEED,REG/2020/100004,2020-08-16,1,Vikram Reddy,EKHMF1388Y,INDIVIDUAL,100.00,PRIMARY_OWNER,INDIVIDUAL,Vikram Reddy,EKHMF1388Y,1969-05-05,9700000004,vikram.reddy4@email.example.in,Y,,,,,,,,,,COMMERCIAL_PROPERTY_LOAN,2022-05-05,2022-06-19,44806490.57,27674385.71,8.4500,ACTIVE,2026-03-31,124,0,N,1,PARI_PASSU,,,CHG/2022/60004,ACTIVE,,,1,2025-05-15,66882432.24,MARKET_VALUE,Knight Frank India Pvt Ltd,AVAILABLE,NOT_AVAILABLE,PENDING,NOT_APPLICABLE,NOT_APPLICABLE,19.222300,72.982100,BR-MH-005,REG-MH,,,Opposite Ghodbunder Road Bus Stand
ABC-HFC-PROP-2026-Q1-001,HFC0000042,2026-03-31,FULL,collateral.data@abchfc.example.in,75,ABC-HL-0005,ABC-COL-0005,ABC-CIF-100005,RESIDENTIAL,PLOT,PLOT_ONLY,,"15, Dharampeth Main Road",Dharampeth,Nagpur,Nagpur,MH,440010,,Plot 5,105/C,,,,,,,18121.15,SQFT,2010,,SALE_DEED,REG/2021/100005,2021-12-14,1,Anita Kumar,FTXWP1485E,INDIVIDUAL,100.00,PRIMARY_OWNER,INDIVIDUAL,Anita Kumar,FTXWP1485E,1970-06-06,9700000005,anita.kumar5@email.example.in,Y,,,,,,1,Rahul Kumar,ZRGZK2055Q,SPOUSE,PLOT_LOAN,2023-06-06,2023-08-16,16028633.76,9215900.91,8.5000,ACTIVE,2026-03-31,125,0,N,1,FIRST_CHARGE,,,,ACTIVE,,,1,2025-06-15,20719303.61,FAIR_VALUE,Knight Frank India Pvt Ltd,NOT_AVAILABLE,PENDING,NOT_APPLICABLE,NOT_APPLICABLE,NOT_APPLICABLE,21.150800,79.093200,BR-MH-006,REG-MH,,,
ABC-HFC-PROP-2026-Q1-001,HFC0000042,2026-03-31,FULL,collateral.data@abchfc.example.in,75,ABC-HL-0006,ABC-COL-0006,ABC-CIF-100006,AGRICULTURAL,PLOT,PLOT_ONLY,,"16, HSR Layout Main Road",HSR Layout,Bengaluru,Bengaluru Urban,KA,560102,,Plot 6,106/A,,,,KH-560-800006,KHATA,,16239.92,ACRE,2011,,SALE_DEED,REG/2024/100006,2024-01-26,1,Suresh Verma,GCMEW1582L,INDIVIDUAL,100.00,PRIMARY_OWNER,INDIVIDUAL,Suresh Verma,GCMEW1582L,1971-07-07,9700000006,suresh.verma6@email.example.in,N,"26, FC Road",Central,Bengaluru,KA,560102,,,,,PLOT_LOAN,2024-07-07,2024-07-29,28169728.84,23354634.43,8.5500,ACTIVE,2026-03-31,126,0,N,1,REGISTERED_MORTGAGE,,2024-08-28,CHG/2024/60006,ACTIVE,,,1,2025-07-15,37768079.44,FAIR_VALUE,Knight Frank India Pvt Ltd,PENDING,NOT_APPLICABLE,AVAILABLE,NOT_APPLICABLE,NOT_APPLICABLE,12.917600,77.644900,BR-KA-007,REG-KA,,Near HSR Layout Market,Opposite HSR Layout Bus Stand
ABC-HFC-PROP-2026-Q1-001,HFC0000042,2026-03-31,FULL,collateral.data@abchfc.example.in,75,ABC-HL-0007,ABC-COL-0007,ABC-CIF-100007,RESIDENTIAL,ROW_HOUSE,COMPLETED,SELF_OCCUPIED,"17, Whitefield Main Road",Whitefield,Bengaluru,Bengaluru Urban,KA,560066,,Plot 7,,,Lodha Palava,,KH-560-800007,KHATA,2619.35,,SQFT,2012,,SALE_DEED,REG/2018/100007,2018-01-03,1,Kavita Patel,HLBPE1679R,INDIVIDUAL,70.00,PRIMARY_OWNER,INDIVIDUAL,Kavita Patel,HLBPE1679R,1972-08-08,9700000007,kavita.patel7@email.example.in,Y,,,,,,,,,,HOME_LOAN,2018-08-08,2018-09-21,13116583.14,11050810.13,8.6000,ACTIVE,2026-03-31,127,0,N,1,EQUITABLE_MORTGAGE,,,,ACTIVE,,,1,2025-08-15,16664004.03,FAIR_VALUE,Knight Frank India Pvt Ltd,NOT_APPLICABLE,AVAILABLE,NOT_AVAILABLE,PENDING,NOT_AVAILABLE,12.976800,77.757000,BR-KA-008,REG-KA,,,
ABC-HFC-PROP-2026-Q1-001,HFC0000042,2026-03-31,FULL,collateral.data@abchfc.example.in,75,ABC-HL-0008,ABC-COL-0008,ABC-CIF-100008,RESIDENTIAL,APARTMENT,UNDER_CONSTRUCTION,,"18, Adyar Main Road",Adyar,Chennai,Chennai,TN,600028,108,,,,Brigade Utopia,Tower D Block 1,PID-TN-88008,PID,3167.41,,SQFT,2013,13,SALE_DEED,REG/2018/100008,2018-09-04,1,Rahul Singh,JUQYM1776X,INDIVIDUAL,100.00,PRIMARY_OWNER,INDIVIDUAL,Rahul Singh,JUQYM1776X,1973-09-09,9700000008,rahul.singh8@email.example.in,Y,,,,,,,,,,HOME_LOAN,2019-09-09,2019-12-03,9802613.11,0.00,8.6500,WRITTEN_OFF,2026-03-31,128,120,N,1,SECOND_CHARGE,,,CHG/2019/60008,ACTIVE,,XYZ National Bank,1,2025-09-15,12276124.07,FAIR_VALUE,Knight Frank India Pvt Ltd,AVAILABLE,NOT_AVAILABLE,PENDING,NOT_APPLICABLE,PENDING,13.014700,80.265200,BR-TN-009,REG-TN,4 BHK collateral in Chennai,,Opposite Adyar Bus Stand
ABC-HFC-PROP-2026-Q1-001,HFC0000042,2026-03-31,FULL,collateral.data@abchfc.example.in,75,ABC-HL-0009,ABC-COL-0009,ABC-CIF-100009,RESIDENTIAL,VILLA,COMPLETED,SELF_OCCUPIED,"19, Gachibowli Main Road",Gachibowli,Hyderabad,Hyderabad,TS,500032,,Plot 9,,,Embassy Lake Terraces,,,,587.19,6840.83,SQFT,2014,,SALE_DEED,REG/2018/100009,2018-08-24,1,Deepa Mehta,KDEHV1873D,INDIVIDUAL,100.00,PRIMARY_OWNER,INDIVIDUAL,Deepa Mehta,KDEHV1873D,1974-10-10,9700000009,deepa.mehta9@email.example.in,N,"29, FC Road",Central,Hyderabad,TS,500032,,,,,HOME_LOAN,2020-10-10,2020-11-01,10875116.90,9958938.55,8.7000,ACTIVE,2026-03-31,129,0,N,1,PARI_PASSU,,,,ACTIVE,,,1,2025-10-15,13209047.26,MARKET_VALUE,Knight Frank India Pvt Ltd,NOT_AVAILABLE,PENDING,NOT_APPLICABLE,AVAILABLE,AVAILABLE,17.449100,78.357900,BR-TS-010,REG-TS,,Near Gachibowli Market,
ABC-HFC-PROP-2026-Q1-001,HFC0000042,2026-03-31,FULL,collateral.data@abchfc.example.in,75,ABC-HL-0010,ABC-COL-0010,ABC-CIF-100010,RESIDENTIAL,VILLA,PLOT_ONLY,,"20, Saket Main Road",Saket,New Delhi,New Delhi,DL,110017,,Plot 10,210/1,,Prestige Lakeside Habitat,,,,3417.65,24237.64,SQFT,2015,,SALE_DEED,REG/2019/100010,2019-09-09,1,Rajesh Sharma,LMUSC1970K,INDIVIDUAL,100.00,PRIMARY_OWNER,INDIVIDUAL,Rajesh Sharma,LMUSC1970K,1975-11-11,9700000010,rajesh.sharma10@email.example.in,Y,,,,,,1,Sneha Sharma,YHPZU3110E,PARENT,HOME_LOAN,2021-11-11,2022-01-21,9862215.07,5561411.07,8.7500,ACTIVE,2026-03-31,130,0,N,1,FIRST_CHARGE,,,CHG/2022/60010,ACTIVE,,,1,2025-11-15,11460365.01,MARKET_VALUE,Knight Frank India Pvt Ltd,PENDING,NOT_APPLICABLE,AVAILABLE,NOT_AVAILABLE,NOT_APPLICABLE,28.524400,77.206600,BR-DL-011,REG-DL,,,Opposite Saket Bus Stand
ABC-HFC-PROP-2026-Q1-001,HFC0000042,2026-03-31,FULL,collateral.data@abchfc.example.in,75,ABC-HL-0011,ABC-COL-0011,ABC-CIF-100011,RESIDENTIAL,VILLA,COMPLETED,RENTED,"21, Sector 29 Main Road",Sector 29,Gurugram,Gurugram,HR,122002,,Plot 11,,,Godrej Platinum,,,,1503.83,17873.28,SQFT,2016,,SALE_DEED,REG/2022/100011,2022-10-19,1,Priya Iyer,MVJBL2067Q,INDIVIDUAL,100.00,PRIMARY_OWNER,INDIVIDUAL,Priya Iyer,MVJBL2067Q,1976-12-12,9700000011,priya.iyer11@email.example.in,Y,,,,,,,,,,HOME_LOAN,2022-12-12,2023-01-15,6850512.84,5664215.84,8.8000,ACTIVE,2026-03-31,131,0,N,1,REGISTERED_MORTGAGE,,2023-02-14,,ACTIVE,,,1,2025-12-15,9851851.42,FAIR_VALUE,Knight Frank India Pvt Ltd,NOT_APPLICABLE,AVAILABLE,NOT_AVAILABLE,PENDING,PENDING,28.460500,77.027600,BR-HR-012,REG-HR,,,
ABC-HFC-PROP-2026-Q1-001,HFC0000042,2026-03-31,FULL,collateral.data@abchfc.example.in,75,ABC-HL-0012,ABC-COL-0012,ABC-CIF-100012,RESIDENTIAL,APARTMENT,COMPLETED,VACANT,"22, Sector 62 Main Road",Sector 62,Noida,Gautam Buddha Nagar,UP,201301,112,,,,Lodha Palava,Tower C Block 1,PID-UP-88012,PID,3055.0,,SQFT,2017,17,SALE_DEED,REG/2021/100012,2021-11-09,1,Amit Gupta,NEYKT2164W,INDIVIDUAL,100.00,PRIMARY_OWNER,INDIVIDUAL,Amit Gupta,NEYKT2164W,1977-01-13,9700000012,amit.gupta12@email.example.in,N,"32, FC Road",Central,Noida,UP,411004,,,,,HOME_LOAN,2023-01-13,2023-03-08,18208212.51,10871080.07,8.8500,ACTIVE,2026-03-31,132,0,N,1,EQUITABLE_MORTGAGE,,,CHG/2023/60012,ACTIVE,,,1,2025-01-15,27216387.90,MARKET_VALUE,Knight Frank India Pvt Ltd,AVAILABLE,NOT_AVAILABLE,PENDING,NOT_APPLICABLE,AVAILABLE,28.629000,77.366900,BR-UP-001,REG-UP,2 BHK collateral in Noida,Near Sector 62 Market,Opposite Sector 62 Bus Stand
ABC-HFC-PROP-2026-Q1-001,HFC0000042,2026-03-31,FULL,collateral.data@abchfc.example.in,75,ABC-HL-0013,ABC-COL-0013,ABC-CIF-100013,RESIDENTIAL,APARTMENT,COMPLETED,SELF_OCCUPIED,"23, Park Street Main Road",Park Street,Kolkata,Kolkata,WB,700019,113,,,,Brigade Utopia,Tower D Block 2,,,1460.19,,SQFT,2018,18,SALE_DEED,REG/2023/100013,2023-08-09,1,Sneha Kulkarni,PNNUB2261C,INDIVIDUAL,100.00,PRIMARY_OWNER,INDIVIDUAL,Sneha Kulkarni,PNNUB2261C,1978-02-14,9700000013,sneha.kulkarni13@email.example.in,Y,,,,,,,,,,HOME_LOAN,2024-02-14,2024-05-13,32761474.43,29877178.28,8.9000,ACTIVE,2026-03-31,133,0,N,1,SECOND_CHARGE,,,,ACTIVE,,XYZ National Bank,1,2025-02-15,42593871.27,MARKET_VALUE,Knight Frank India Pvt Ltd,NOT_AVAILABLE,PENDING,NOT_APPLICABLE,AVAILABLE,NOT_AVAILABLE,22.554000,88.356000,BR-WB-002,REG-WB,3 BHK collateral in Kolkata,,
ABC-HFC-PROP-2026-Q1-001,HFC0000042,2026-03-31,FULL,collateral.data@abchfc.example.in,75,ABC-HL-0014,ABC-COL-0014,ABC-CIF-100014,AGRICULTURAL,LAND,PLOT_ONLY,,"24, Navrangpura Main Road",Navrangpura,Ahmedabad,Ahmedabad,GJ,380015,,Plot 14,114/C,,,,PT-GJ-9900014,PTIN,,3213.21,ACRE,2019,,SALE_DEED,REG/2016/100014,2016-11-08,1,Vikram Reddy,QWCDJ2358H,INDIVIDUAL,70.00,PRIMARY_OWNER,INDIVIDUAL,Vikram Reddy,QWCDJ2358H,1979-03-15,9700000014,vikram.reddy14@email.example.in,Y,,,,,,,,,,PLOT_LOAN,2018-03-15,2018-05-18,16460423.46,0.00,8.9500,CLOSED,2026-03-31,134,0,N,1,PARI_PASSU,,,CHG/2018/60014,RELEASED,2026-03-31,,1,2025-03-15,22401284.65,FAIR_VALUE,Knight Frank India Pvt Ltd,PENDING,NOT_APPLICABLE,AVAILABLE,NOT_APPLICABLE,NOT_APPLICABLE,23.034000,72.564100,BR-GJ-003,REG-GJ,,,Opposite Navrangpura Bus Stand
ABC-HFC-PROP-2026-Q1-001,HFC0000042,2026-03-31,FULL,collateral.data@abchfc.example.in,75,ABC-HL-0015,ABC-COL-0015,ABC-CIF-100015,RESIDENTIAL,APARTMENT,COMPLETED,SELF_OCCUPIED,"25, C-Scheme Main Road",C-Scheme,Jaipur,Jaipur,RJ,302001,115,,215/1,,Prestige Lakeside Habitat,Tower A Block 4,,,2890.92,,SQFT,2020,20,SALE_DEED,REG/2017/100015,2017-09-09,1,Anita Kumar,RFRNR2455P,INDIVIDUAL,100.00,PRIMARY_OWNER,INDIVIDUAL,Anita Kumar,RFRNR2455P,1980-04-16,9700000015,anita.kumar15@email.example.in,N,"35, FC Road",Central,Jaipur,RJ,302001,1,Rahul Kumar,XZWZD4165U,SIBLING,HOME_LOAN,2019-04-16,2019-05-26,8611892.94,0.00,9.0000,WRITTEN_OFF,2026-03-31,135,120,N,1,FIRST_CHARGE,,,,ACTIVE,,,1,2025-04-15,12431782.94,MARKET_VALUE,Knight Frank India Pvt Ltd,NOT_APPLICABLE,AVAILABLE,NOT_AVAILABLE,PENDING,AVAILABLE,26.917400,75.792300,BR-RJ-004,REG-RJ,2 BHK collateral in Jaipur,Near C-Scheme Market,
ABC-HFC-PROP-2026-Q1-001,HFC0000042,2026-03-31,FULL,collateral.data@abchfc.example.in,75,ABC-HL-0016,ABC-COL-0016,ABC-CIF-100016,COMMERCIAL,OFFICE,COMPLETED,RENTED,"26, Vijay Nagar Main Road",Vijay Nagar,Indore,Indore,MP,452001,116,,,,,Tower B,PID-MP-88016,PID,2894.27,,SQFT,2021,21,SALE_DEED,REG/2018/100016,2018-11-30,1,Suresh Verma,SPFXZ2552V,INDIVIDUAL,100.00,PRIMARY_OWNER,INDIVIDUAL,Suresh Verma,SPFXZ2552V,1981-05-17,9700000016,suresh.verma16@email.example.in,Y,,,,,,,,,,COMMERCIAL_PROPERTY_LOAN,2020-05-17,2020-06-06,20426332.56,7909991.13,9.0500,ACTIVE,2026-03-31,136,0,N,1,REGISTERED_MORTGAGE,,2020-07-06,CHG/2020/60016,ACTIVE,,,1,2025-05-15,24901758.45,FAIR_VALUE,Knight Frank India Pvt Ltd,AVAILABLE,NOT_AVAILABLE,PENDING,NOT_APPLICABLE,NOT_AVAILABLE,22.725600,75.863700,BR-MP-005,REG-MP,,,Opposite Vijay Nagar Bus Stand
ABC-HFC-PROP-2026-Q1-001,HFC0000042,2026-03-31,FULL,collateral.data@abchfc.example.in,75,ABC-HL-0017,ABC-COL-0017,ABC-CIF-100017,RESIDENTIAL,APARTMENT,COMPLETED,SELF_OCCUPIED,"27, Kakkanad Main Road",Kakkanad,Kochi,Ernakulam,KL,682016,117,,,,Lodha Palava,Tower C Block 2,,,2098.24,,SQFT,2022,22,SALE_DEED,REG/2019/100017,2019-09-09,1,Kavita Patel,TXVFG2649B,PRIVATE_LIMITED,100.00,PRIMARY_OWNER,PRIVATE_LIMITED,Greenfield Developers Pvt Ltd,AABCG5678M,,,kavita.patel17@email.example.in,Y,,,,,,,,,,HOME_LOAN,2021-06-18,2021-08-29,35704240.42,22502310.68,9.1000,ACTIVE,2026-03-31,137,0,N,1,EQUITABLE_MORTGAGE,,,,ACTIVE,,,1,2025-06-15,53803106.47,FAIR_VALUE,Knight Frank India Pvt Ltd,NOT_AVAILABLE,PENDING,NOT_APPLICABLE,AVAILABLE,PENDING,9.988600,76.306900,BR-KL-006,REG-KL,4 BHK collateral in Kochi,,
ABC-HFC-PROP-2026-Q1-001,HFC0000042,2026-03-31,FULL,collateral.data@abchfc.example.in,75,ABC-HL-0018,ABC-COL-0018,ABC-CIF-100018,MIXED_USE,SHOP,COMPLETED,SELF_OCCUPIED,"28, Sector 17 Main Road",Sector 17,Chandigarh,Chandigarh,CH,160017,118,,,,,Tower D,,,1929.48,,SQFT,2005,,SALE_DEED,REG/2021/100018,2021-05-23,1,Rahul Singh,UGKQQ2746G,INDIVIDUAL,100.00,PRIMARY_OWNER,INDIVIDUAL,Rahul Singh,UGKQQ2746G,1983-07-19,9700000018,rahul.singh18@email.example.in,N,"38, FC Road",Central,Chandigarh,CH,160017,,,,,COMMERCIAL_PROPERTY_LOAN,2022-07-19,2022-10-15,31112758.61,27019148.58,9.1500,ACTIVE,2026-03-31,138,0,N,1,SECOND_CHARGE,,,CHG/2022/60018,ACTIVE,,XYZ National Bank,1,2025-07-15,37948936.74,FAIR_VALUE,Knight Frank India Pvt Ltd,PENDING,NOT_APPLICABLE,AVAILABLE,NOT_AVAILABLE,AVAILABLE,30.741300,76.787400,BR-CH-007,REG-CH,,Near Sector 17 Market,Opposite Sector 17 Bus Stand
ABC-HFC-PROP-2026-Q1-001,HFC0000042,2026-03-31,FULL,collateral.data@abchfc.example.in,75,ABC-HL-0019,ABC-COL-0019,ABC-CIF-100019,RESIDENTIAL,APARTMENT,COMPLETED,RENTED,"29, Boring Road Main Road",Boring Road,Patna,Patna,BR,800001,119,,,,Embassy Lake Terraces,Tower E Block 4,,,1417.6,,SQFT,2006,24,SALE_DEED,REG/2022/100019,2022-04-16,1,Deepa Mehta,VQZZX2843N,INDIVIDUAL,100.00,PRIMARY_OWNER,INDIVIDUAL,Deepa Mehta,VQZZX2843N,1984-08-20,9700000019,deepa.mehta19@email.example.in,Y,,,,,,,,,,HOME_LOAN,2023-08-20,2023-10-30,24551240.31,17579028.90,9.2000,ACTIVE,2026-03-31,139,0,N,1,PARI_PASSU,,,,ACTIVE,,,1,2025-08-15,37406042.68,FAIR_VALUE,Knight Frank India Pvt Ltd,NOT_APPLICABLE,AVAILABLE,NOT_AVAILABLE,PENDING,NOT_AVAILABLE,25.603100,85.146600,BR-BR-008,REG-BR,3 BHK collateral in Patna,,
ABC-HFC-PROP-2026-Q1-001,HFC0000042,2026-03-31,FULL,collateral.data@abchfc.example.in,75,ABC-HL-0020,ABC-COL-0020,ABC-CIF-100020,COMMERCIAL,SHOP,COMPLETED,SELF_OCCUPIED,"30, Dwaraka Nagar Main Road",Dwaraka Nagar,Visakhapatnam,Visakhapatnam,AP,530003,120,,220/1,,,Tower A,PID-AP-88020,PID,3312.73,,SQFT,2007,,SALE_DEED,REG/2023/100020,2023-08-12,1,Rajesh Sharma,WYPJF2940U,INDIVIDUAL,100.00,PRIMARY_OWNER,INDIVIDUAL,Rajesh Sharma,WYPJF2940U,1985-09-21,9700000020,rajesh.sharma20@email.example.in,Y,,,,,,1,Sneha Sharma,WQCZN5220J,SIBLING,COMMERCIAL_PROPERTY_LOAN,2024-09-21,2024-11-10,17333201.46,9168066.12,9.2500,ACTIVE,2026-03-31,140,0,N,1,FIRST_CHARGE,,,CHG/2024/60020,ACTIVE,,,1,2025-09-15,23130227.66,FAIR_VALUE,Knight Frank India Pvt Ltd,AVAILABLE,NOT_AVAILABLE,PENDING,NOT_APPLICABLE,PENDING,17.686800,83.218500,BR-AP-009,REG-AP,,,Opposite Dwaraka Nagar Bus Stand
ABC-HFC-PROP-2026-Q1-001,HFC0000042,2026-03-31,FULL,collateral.data@abchfc.example.in,75,ABC-HL-0021,ABC-COL-0021,ABC-CIF-100021,RESIDENTIAL,APARTMENT,COMPLETED,RENTED,"31, Fort Main Road",Fort,Mumbai,Mumbai City,MH,400001,121,,,CTS 421/6/1,Godrej Platinum,Tower B Block 2,PT-MH-9900021,PTIN,3085.16,,SQFT,2008,26,SALE_DEED,REG/2018/100021,2018-02-08,1,Priya Iyer,XHDTN3037Z,INDIVIDUAL,70.00,PRIMARY_OWNER,INDIVIDUAL,Priya Iyer,XHDTN3037Z,1986-10-22,9700000021,priya.iyer21@email.example.in,N,"41, FC Road",Central,Mumbai,MH,400001,,,,,HOME_LOAN,2018-10-22,2018-11-07,2763245.91,2216324.84,9.3000,ACTIVE,2026-03-31,141,0,N,1,REGISTERED_MORTGAGE,,2018-12-07,,ACTIVE,,,1,2025-10-15,3233986.16,FAIR_VALUE,Knight Frank India Pvt Ltd,NOT_AVAILABLE,PENDING,NOT_APPLICABLE,AVAILABLE,AVAILABLE,18.933200,72.832100,BR-MH-010,REG-MH,2 BHK collateral in Mumbai,Near Fort Market,
ABC-HFC-PROP-2026-Q1-001,HFC0000042,2026-03-31,FULL,collateral.data@abchfc.example.in,75,ABC-HL-0022,ABC-COL-0022,ABC-CIF-100022,RESIDENTIAL,APARTMENT,COMPLETED,RENTED,"32, Powai Main Road",Powai,Mumbai,Mumbai Suburban,MH,400076,122,,,CTS 422/7/1,Lodha Palava,Tower C Block 3,,,3132.29,,SQFT,2009,27,SALE_DEED,REG/2017/100022,2017-10-01,1,Amit Gupta,YRSCW3134F,INDIVIDUAL,100.00,PRIMARY_OWNER,INDIVIDUAL,Amit Gupta,YRSCW3134F,1987-11-23,9700000022,amit.gupta22@email.example.in,Y,,,,,,,,,,HOME_LOAN,2019-11-23,2019-12-09,22259996.22,0.00,9.3500,CLOSED,2026-03-31,142,0,N,1,EQUITABLE_MORTGAGE,,,CHG/2019/60022,RELEASED,2026-03-31,,1,2025-11-15,28930742.65,FAIR_VALUE,Knight Frank India Pvt Ltd,PENDING,NOT_APPLICABLE,AVAILABLE,NOT_AVAILABLE,NOT_AVAILABLE,19.119600,72.908000,BR-MH-011,REG-MH,3 BHK collateral in Mumbai,,Opposite Powai Bus Stand
ABC-HFC-PROP-2026-Q1-001,HFC0000042,2026-03-31,FULL,collateral.data@abchfc.example.in,75,ABC-HL-0023,ABC-COL-0023,ABC-CIF-100023,RESIDENTIAL,APARTMENT,COMPLETED,RENTED,"33, Koregaon Park Main Road",Koregaon Park,Pune,Pune,MH,411014,123,,,CTS 423/8/1,Brigade Utopia,Tower D Block 4,,,2200.97,,SQFT,2010,28,SALE_DEED,REG/2019/100023,2019-11-14,1,Sneha Kulkarni,ZZGLD3231M,INDIVIDUAL,100.00,PRIMARY_OWNER,INDIVIDUAL,Sneha Kulkarni,ZZGLD3231M,1988-12-24,9700000023,sneha.kulkarni23@email.example.in,Y,,,,,,,,,,HOME_LOAN,2020-12-24,2021-01-11,6602345.65,2910093.77,9.4000,ACTIVE,2026-03-31,143,0,N,1,SECOND_CHARGE,,,,ACTIVE,,XYZ National Bank,1,2025-12-15,9180851.39,MARKET_VALUE,Knight Frank India Pvt Ltd,NOT_APPLICABLE,AVAILABLE,NOT_AVAILABLE,PENDING,PENDING,18.539200,73.898800,BR-MH-012,REG-MH,4 BHK collateral in Pune,,
ABC-HFC-PROP-2026-Q1-001,HFC0000042,2026-03-31,FULL,collateral.data@abchfc.example.in,75,ABC-HL-0024,ABC-COL-0024,ABC-CIF-100024,COMMERCIAL,OFFICE,COMPLETED,SELF_OCCUPIED,"34, Ghodbunder Road Main Road",Ghodbunder Road,Thane,Thane,MH,400601,124,,,CTS 424/1/1,,Tower E,PID-MH-88024,PID,3471.39,,SQFT,2011,29,SALE_DEED,REG/2019/100024,2019-06-13,1,Vikram Reddy,AJWVM3328S,INDIVIDUAL,100.00,PRIMARY_OWNER,INDIVIDUAL,Vikram Reddy,AJWVM3328S,1989-01-25,9700000024,vikram.reddy24@email.example.in,N,"44, FC Road",Central,Thane,MH,411004,,,,,COMMERCIAL_PROPERTY_LOAN,2021-01-25,2021-03-15,35168473.22,13112399.58,9.4500,ACTIVE,2026-03-31,144,0,N,1,PARI_PASSU,,,CHG/2021/60024,ACTIVE,,,1,2025-01-15,52854313.87,FAIR_VALUE,Knight Frank India Pvt Ltd,AVAILABLE,NOT_AVAILABLE,PENDING,NOT_APPLICABLE,AVAILABLE,19.222300,72.982100,BR-MH-001,REG-MH,,Near Ghodbunder Road Market,Opposite Ghodbunder Road Bus Stand
ABC-HFC-PROP-2026-Q1-001,HFC0000042,2026-03-31,FULL,collateral.data@abchfc.example.in,75,ABC-HL-0025,ABC-COL-0025,ABC-CIF-100025,INDUSTRIAL,FACTORY,COMPLETED,VACANT,"35, Dharampeth Main Road",Dharampeth,Nagpur,Nagpur,MH,440010,,Plot 25,225/1,,,,,,3098.49,,SQFT,2012,,SALE_DEED,REG/2020/100025,2020-06-27,1,Anita Kumar,BSLEU3425Y,INDIVIDUAL,100.00,PRIMARY_OWNER,INDIVIDUAL,Anita Kumar,BSLEU3425Y,1990-02-26,9700000025,anita.kumar25@email.example.in,Y,,,,,,1,Rahul Kumar,VGKZX6275Y,SIBLING,COMMERCIAL_PROPERTY_LOAN,2022-02-01,2022-03-03,4653737.78,4083159.53,9.5000,ACTIVE,2026-03-31,145,0,N,1,FIRST_CHARGE,,,,ACTIVE,,,1,2025-02-15,6628060.21,FAIR_VALUE,Knight Frank India Pvt Ltd,NOT_AVAILABLE,PENDING,NOT_APPLICABLE,AVAILABLE,NOT_AVAILABLE,21.150800,79.093200,BR-MH-002,REG-MH,,,
ABC-HFC-PROP-2026-Q1-001,HFC0000042,2026-03-31,FULL,collateral.data@abchfc.example.in,75,ABC-HL-0026,ABC-COL-0026,ABC-CIF-100026,RESIDENTIAL,VILLA,UNDER_CONSTRUCTION,,"36, HSR Layout Main Road",HSR Layout,Bengaluru,Bengaluru Urban,KA,560102,,Plot 26,,,Godrej Platinum,,KH-560-800026,KHATA,2369.09,2523.42,SQFT,2013,,SALE_DEED,REG/2021/100026,2021-05-13,1,Suresh Verma,CAAPC3522E,INDIVIDUAL,100.00,PRIMARY_OWNER,INDIVIDUAL,Suresh Verma,CAAPC3522E,1991-03-27,9700000026,suresh.verma26@email.example.in,Y,,,,,,,,,,HOME_LOAN,2023-03-02,2023-05-11,21760365.27,11691386.81,9.5500,ACTIVE,2026-03-31,146,0,N,1,REGISTERED_MORTGAGE,,2023-06-10,CHG/2023/60026,ACTIVE,,,1,2025-03-15,29654461.15,MARKET_VALUE,Knight Frank India Pvt Ltd,PENDING,NOT_APPLICABLE,AVAILABLE,NOT_AVAILABLE,PENDING,12.917600,77.644900,BR-KA-003,REG-KA,,,Opposite HSR Layout Bus Stand
ABC-HFC-PROP-2026-Q1-001,HFC0000042,2026-03-31,FULL,collateral.data@abchfc.example.in,75,ABC-HL-0027,ABC-COL-0027,ABC-CIF-100027,RESIDENTIAL,VILLA,UNDER_CONSTRUCTION,,"37, Whitefield Main Road",Whitefield,Bengaluru,Bengaluru Urban,KA,560066,,Plot 27,,,Lodha Palava,,KH-560-800027,KHATA,2834.2,19810.37,SQFT,2014,,SALE_DEED,REG/2023/100027,2023-06-17,1,Kavita Patel,DKQYK3619L,INDIVIDUAL,100.00,PRIMARY_OWNER,INDIVIDUAL,Kavita Patel,DKQYK3619L,1992-04-28,9700000027,kavita.patel27@email.example.in,N,"47, FC Road",Central,Bengaluru,KA,560066,,,,,HOME_LOAN,2024-04-03,2024-05-09,9674099.17,5416773.55,9.6000,ACTIVE,2026-03-31,147,0,N,1,EQUITABLE_MORTGAGE,,,,ACTIVE,,,1,2025-04-15,11468783.13,FAIR_VALUE,Knight Frank India Pvt Ltd,NOT_APPLICABLE,AVAILABLE,NOT_AVAILABLE,PENDING,AVAILABLE,12.976800,77.757000,BR-KA-004,REG-KA,,Near Whitefield Market,
ABC-HFC-PROP-2026-Q1-001,HFC0000042,2026-03-31,FULL,collateral.data@abchfc.example.in,75,ABC-HL-0028,ABC-COL-0028,ABC-CIF-100028,RESIDENTIAL,PLOT,PLOT_ONLY,,"38, Adyar Main Road",Adyar,Chennai,Chennai,TN,600028,,Plot 28,128/B,,,,PID-TN-88028,PID,,13008.96,SQFT,2015,,SALE_DEED,REG/2016/100028,2016-09-27,1,Rahul Singh,ETEGS3716R,INDIVIDUAL,70.00,PRIMARY_OWNER,INDIVIDUAL,Rahul Singh,ETEGS3716R,1993-05-01,9700000028,rahul.singh28@email.example.in,Y,,,,,,,,,,PLOT_LOAN,2018-05-04,2018-07-09,5110945.66,0.00,9.6500,SETTLED,2026-03-31,148,0,N,1,SECOND_CHARGE,,,CHG/2018/60028,ACTIVE,,XYZ National Bank,1,2025-05-15,6847488.03,FAIR_VALUE,Knight Frank India Pvt Ltd,AVAILABLE,NOT_AVAILABLE,PENDING,NOT_APPLICABLE,NOT_APPLICABLE,13.014700,80.265200,BR-TN-005,REG-TN,,,Opposite Adyar Bus Stand
ABC-HFC-PROP-2026-Q1-001,HFC0000042,2026-03-31,FULL,collateral.data@abchfc.example.in,75,ABC-HL-0029,ABC-COL-0029,ABC-CIF-100029,RESIDENTIAL,PLOT,PLOT_ONLY,,"39, Gachibowli Main Road",Gachibowli,Hyderabad,Hyderabad,TS,500032,,Plot 29,129/C,,,,,,,13190.69,SQFT,2016,,SALE_DEED,REG/2018/100029,2018-12-01,1,Deepa Mehta,FBTRA3813X,INDIVIDUAL,100.00,PRIMARY_OWNER,INDIVIDUAL,Deepa Mehta,FBTRA3813X,1994-06-02,9700000029,deepa.mehta29@email.example.in,Y,,,,,,,,,,PLOT_LOAN,2019-06-05,2019-07-28,20757661.60,19100560.87,9.7000,ACTIVE,2026-03-31,149,0,N,1,PARI_PASSU,,,,ACTIVE,,,1,2025-06-15,28759921.72,FAIR_VALUE,Knight Frank India Pvt Ltd,NOT_AVAILABLE,PENDING,NOT_APPLICABLE,NOT_APPLICABLE,NOT_APPLICABLE,17.449100,78.357900,BR-TS-006,REG-TS,,,
ABC-HFC-PROP-2026-Q1-001,HFC0000042,2026-03-31,FULL,collateral.data@abchfc.example.in,75,ABC-HL-0030,ABC-COL-0030,ABC-CIF-100030,RESIDENTIAL,APARTMENT,COMPLETED,SELF_OCCUPIED,"40, Saket Main Road",Saket,New Delhi,New Delhi,DL,110017,130,,230/1,,Prestige Lakeside Habitat,Tower A Block 3,,,1470.12,,SQFT,2017,10,SALE_DEED,REG/2019/100030,2019-05-11,1,Rajesh Sharma,GLHAH3910D,INDIVIDUAL,100.00,PRIMARY_OWNER,INDIVIDUAL,Rajesh Sharma,GLHAH3910D,1995-07-03,9700000030,rajesh.sharma30@email.example.in,N,"50, FC Road",Central,New Delhi,DL,110017,1,Sneha Sharma,UYSZG7330N,SPOUSE,HOME_LOAN,2020-07-06,2020-09-11,18082229.44,11760777.39,9.7500,ACTIVE,2026-03-31,150,0,N,1,FIRST_CHARGE,,,CHG/2020/60030,ACTIVE,,,1,2025-07-15,26981834.47,MARKET_VALUE,Knight Frank India Pvt Ltd,PENDING,NOT_APPLICABLE,AVAILABLE,NOT_AVAILABLE,AVAILABLE,28.524400,77.206600,BR-DL-007,REG-DL,2 BHK collateral in New Delhi,Near Saket Market,Opposite Saket Bus Stand
ABC-HFC-PROP-2026-Q1-001,HFC0000042,2026-03-31,FULL,collateral.data@abchfc.example.in,75,ABC-HL-0031,ABC-COL-0031,ABC-CIF-100031,RESIDENTIAL,APARTMENT,COMPLETED,RENTED,"41, Sector 29 Main Road",Sector 29,Gurugram,Gurugram,HR,122002,131,,,,Godrej Platinum,Tower B Block 4,,,2547.47,,SQFT,2018,11,SALE_DEED,REG/2020/100031,2020-12-04,1,Priya Iyer,HUXKR4007J,INDIVIDUAL,100.00,PRIMARY_OWNER,INDIVIDUAL,Priya Iyer,HUXKR4007J,1996-08-04,9700000031,priya.iyer31@email.example.in,Y,,,,,,,,,,HOME_LOAN,2021-08-07,2021-08-27,29904203.65,27726570.25,9.8000,ACTIVE,2026-03-31,151,0,N,1,REGISTERED_MORTGAGE,,2021-09-26,,ACTIVE,,,1,2025-08-15,41108405.08,FAIR_VALUE,Knight Frank India Pvt Ltd,NOT_APPLICABLE,AVAILABLE,NOT_AVAILABLE,PENDING,NOT_AVAILABLE,28.460500,77.027600,BR-HR-008,REG-HR,3 BHK collateral in Gurugram,,
ABC-HFC-PROP-2026-Q1-001,HFC0000042,2026-03-31,FULL,collateral.data@abchfc.example.in,75,ABC-HL-0032,ABC-COL-0032,ABC-CIF-100032,RESIDENTIAL,APARTMENT,COMPLETED,RENTED,"42, Sector 62 Main Road",Sector 62,Noida,Gautam Buddha Nagar,UP,201301,132,,,,Lodha Palava,Tower C Block 1,PID-UP-88032,PID,3164.5,,SQFT,2019,12,SALE_DEED,REG/2022/100032,2022-06-10,1,Amit Gupta,JCMUY4104Q,INDIVIDUAL,100.00,PRIMARY_OWNER,INDIVIDUAL,Amit Gupta,JCMUY4104Q,1997-09-05,9700000032,amit.gupta32@email.example.in,Y,,,,,,,,,,HOME_LOAN,2022-09-08,2022-10-17,12440183.56,7541824.78,9.8500,ACTIVE,2026-03-31,152,0,N,1,EQUITABLE_MORTGAGE,,,CHG/2022/60032,ACTIVE,,,1,2025-09-15,18024773.89,MARKET_VALUE,Knight Frank India Pvt Ltd,AVAILABLE,NOT_AVAILABLE,PENDING,NOT_APPLICABLE,PENDING,28.629000,77.366900,BR-UP-009,REG-UP,4 BHK collateral in Noida,,Opposite Sector 62 Bus Stand
ABC-HFC-PROP-2026-Q1-001,HFC0000042,2026-03-31,FULL,collateral.data@abchfc.example.in,75,ABC-HL-0033,ABC-COL-0033,ABC-CIF-100033,RESIDENTIAL,APARTMENT,COMPLETED,RENTED,"43, Park Street Main Road",Park Street,Kolkata,Kolkata,WB,700019,133,,,,Brigade Utopia,Tower D Block 2,,,3437.93,,SQFT,2020,13,SALE_DEED,REG/2022/100033,2022-06-17,1,Sneha Kulkarni,KMBDG4201W,INDIVIDUAL,100.00,PRIMARY_OWNER,INDIVIDUAL,Sneha Kulkarni,KMBDG4201W,1998-10-06,9700000033,sneha.kulkarni33@email.example.in,N,"53, FC Road",Central,Kolkata,WB,700019,,,,,HOME_LOAN,2023-10-09,2023-11-25,14109891.22,11370406.21,9.9000,ACTIVE,2026-03-31,153,0,N,1,SECOND_CHARGE,,,,ACTIVE,,XYZ National Bank,1,2025-10-15,20415703.69,MARKET_VALUE,Knight Frank India Pvt Ltd,NOT_AVAILABLE,PENDING,NOT_APPLICABLE,AVAILABLE,AVAILABLE,22.554000,88.356000,BR-WB-010,REG-WB,2 BHK collateral in Kolkata,Near Park Street Market,
ABC-HFC-PROP-2026-Q1-001,HFC0000042,2026-03-31,FULL,collateral.data@abchfc.example.in,75,ABC-HL-0034,ABC-COL-0034,ABC-CIF-100034,RESIDENTIAL,VILLA,PLOT_ONLY,,"44, Navrangpura Main Road",Navrangpura,Ahmedabad,Ahmedabad,GJ,380015,,Plot 34,,,Embassy Lake Terraces,,,,2561.57,6961.01,SQFT,2021,,SALE_DEED,REG/2022/100034,2022-09-13,1,Vikram Reddy,LVRMP4298C,LLP,100.00,PRIMARY_OWNER,LLP,Sunrise Traders LLP,AABCS1234L,,,vikram.reddy34@email.example.in,Y,,,,,,,,,,HOME_LOAN,2024-11-10,2024-12-10,7374913.15,4682909.40,9.9500,ACTIVE,2026-03-31,154,0,N,1,PARI_PASSU,,,CHG/2024/60034,ACTIVE,,,1,2025-11-15,11409730.18,MARKET_VALUE,Knight Frank India Pvt Ltd,PENDING,NOT_APPLICABLE,AVAILABLE,NOT_AVAILABLE,NOT_APPLICABLE,23.034000,72.564100,BR-GJ-011,REG-GJ,,,Opposite Navrangpura Bus Stand
ABC-HFC-PROP-2026-Q1-001,HFC0000042,2026-03-31,FULL,collateral.data@abchfc.example.in,75,ABC-HL-0035,ABC-COL-0035,ABC-CIF-100035,COMMERCIAL,OFFICE,PLOT_ONLY,,"45, C-Scheme Main Road",C-Scheme,Jaipur,Jaipur,RJ,302001,135,,235/1,,,Tower A,PT-RJ-9900035,PTIN,599.03,,SQFT,2022,15,SALE_DEED,REG/2018/100035,2018-03-19,1,Anita Kumar,MDFWX4395H,INDIVIDUAL,70.00,PRIMARY_OWNER,INDIVIDUAL,Anita Kumar,MDFWX4395H,1965-12-08,9700000035,anita.kumar35@email.example.in,Y,,,,,,1,Rahul Kumar,TPZZS8385C,SIBLING,COMMERCIAL_PROPERTY_LOAN,2018-12-11,2019-02-22,17590117.34,16401344.92,10.0000,ACTIVE,2026-03-31,155,0,N,1,FIRST_CHARGE,,,,ACTIVE,,,1,2025-12-15,24132843.10,MARKET_VALUE,Knight Frank India Pvt Ltd,NOT_APPLICABLE,AVAILABLE,NOT_AVAILABLE,PENDING,NOT_APPLICABLE,26.917400,75.792300,BR-RJ-012,REG-RJ,,,
ABC-HFC-PROP-2026-Q1-001,HFC0000042,2026-03-31,FULL,collateral.data@abchfc.example.in,75,ABC-HL-0036,ABC-COL-0036,ABC-CIF-100036,RESIDENTIAL,APARTMENT,COMPLETED,VACANT,"46, Vijay Nagar Main Road",Vijay Nagar,Indore,Indore,MP,452001,136,,,,Godrej Platinum,Tower B Block 1,PID-MP-88036,PID,921.53,,SQFT,2005,16,SALE_DEED,REG/2016/100036,2016-11-06,1,Suresh Verma,NNUFE4492P,INDIVIDUAL,100.00,PRIMARY_OWNER,INDIVIDUAL,Suresh Verma,NNUFE4492P,1966-01-09,9700000036,suresh.verma36@email.example.in,N,"56, FC Road",Central,Indore,MP,411004,,,,,HOME_LOAN,2019-01-12,2019-02-25,17933242.40,11088030.39,10.0500,ACTIVE,2026-03-31,156,0,N,1,REGISTERED_MORTGAGE,,2019-03-27,CHG/2019/60036,ACTIVE,,,1,2025-01-15,22589405.92,MARKET_VALUE,Knight Frank India Pvt Ltd,AVAILABLE,NOT_AVAILABLE,PENDING,NOT_APPLICABLE,AVAILABLE,22.725600,75.863700,BR-MP-001,REG-MP,2 BHK collateral in Indore,Near Vijay Nagar Market,Opposite Vijay Nagar Bus Stand
ABC-HFC-PROP-2026-Q1-001,HFC0000042,2026-03-31,FULL,collateral.data@abchfc.example.in,75,ABC-HL-0037,ABC-COL-0037,ABC-CIF-100037,RESIDENTIAL,APARTMENT,COMPLETED,RENTED,"47, Kakkanad Main Road",Kakkanad,Kochi,Ernakulam,KL,682016,137,,,,Lodha Palava,Tower C Block 2,,,2762.73,,SQFT,2006,17,SALE_DEED,REG/2018/100037,2018-03-23,1,Kavita Patel,PWJQN4589V,INDIVIDUAL,100.00,PRIMARY_OWNER,INDIVIDUAL,Kavita Patel,PWJQN4589V,1967-02-10,9700000037,kavita.patel37@email.example.in,Y,,,,,,,,,,HOME_LOAN,2020-02-13,2020-05-04,26617913.18,0.00,10.1000,WRITTEN_OFF,2026-03-31,157,120,N,1,EQUITABLE_MORTGAGE,,,,ACTIVE,,,1,2025-02-15,31665004.71,FAIR_VALUE,Knight Frank India Pvt Ltd,NOT_AVAILABLE,PENDING,NOT_APPLICABLE,AVAILABLE,NOT_AVAILABLE,9.988600,76.306900,BR-KL-002,REG-KL,3 BHK collateral in Kochi,,
ABC-HFC-PROP-2026-Q1-001,HFC0000042,2026-03-31,FULL,collateral.data@abchfc.example.in,75,ABC-HL-0038,ABC-COL-0038,ABC-CIF-100038,AGRICULTURAL,LAND,PLOT_ONLY,,"48, Sector 17 Main Road",Sector 17,Chandigarh,Chandigarh,CH,160017,,Plot 38,138/C,,,,,,,21977.37,GUNTHA,2007,,SALE_DEED,REG/2020/100038,2020-05-14,1,Rahul Singh,QEYZV4686A,INDIVIDUAL,100.00,PRIMARY_OWNER,INDIVIDUAL,Rahul Singh,QEYZV4686A,1968-03-11,9700000038,rahul.singh38@email.example.in,Y,,,,,,,,,,PLOT_LOAN,2021-03-14,2021-05-10,43791288.21,21410198.10,10.1500,ACTIVE,2026-03-31,158,0,N,1,SECOND_CHARGE,,,CHG/2021/60038,ACTIVE,,XYZ National Bank,1,2025-03-15,60136612.00,FAIR_VALUE,Knight Frank India Pvt Ltd,PENDING,NOT_APPLICABLE,AVAILABLE,NOT_APPLICABLE,NOT_APPLICABLE,30.741300,76.787400,BR-CH-003,REG-CH,,,Opposite Sector 17 Bus Stand
ABC-HFC-PROP-2026-Q1-001,HFC0000042,2026-03-31,FULL,collateral.data@abchfc.example.in,75,ABC-HL-0039,ABC-COL-0039,ABC-CIF-100039,RESIDENTIAL,APARTMENT,UNDER_CONSTRUCTION,,"49, Boring Road Main Road",Boring Road,Patna,Patna,BR,800001,139,,,,Embassy Lake Terraces,Tower E Block 4,,,3014.76,,SQFT,2008,19,SALE_DEED,REG/2020/100039,2020-09-13,1,Deepa Mehta,RPNHD4783G,INDIVIDUAL,100.00,PRIMARY_OWNER,INDIVIDUAL,Deepa Mehta,RPNHD4783G,1969-04-12,9700000039,deepa.mehta39@email.example.in,N,"59, FC Road",Central,Patna,BR,800001,,,,,HOME_LOAN,2022-04-15,2022-06-02,26263344.22,0.00,10.2000,CLOSED,2026-03-31,159,0,N,1,PARI_PASSU,,,,RELEASED,2026-03-31,,1,2025-04-15,35157173.90,MARKET_VALUE,Knight Frank India Pvt Ltd,NOT_APPLICABLE,AVAILABLE,NOT_AVAILABLE,PENDING,AVAILABLE,25.603100,85.146600,BR-BR-004,REG-BR,2 BHK collateral in Patna,Near Boring Road Market,
ABC-HFC-PROP-2026-Q1-001,HFC0000042,2026-03-31,FULL,collateral.data@abchfc.example.in,75,ABC-HL-0040,ABC-COL-0040,ABC-CIF-100040,COMMERCIAL,SHOP,COMPLETED,VACANT,"50, Dwaraka Nagar Main Road",Dwaraka Nagar,Visakhapatnam,Visakhapatnam,AP,530003,140,,240/1,,,Tower A,PID-AP-88040,PID,3233.47,,SQFT,2009,,SALE_DEED,REG/2022/100040,2022-08-30,1,Rajesh Sharma,SXCSL4880N,INDIVIDUAL,100.00,PRIMARY_OWNER,INDIVIDUAL,Rajesh Sharma,SXCSL4880N,1970-05-13,9700000040,rajesh.sharma40@email.example.in,Y,,,,,,1,Sneha Sharma,SFFZB9440S,SPOUSE,COMMERCIAL_PROPERTY_LOAN,2023-05-16,2023-06-04,19863747.56,0.00,8.2500,SETTLED,2026-03-31,160,0,N,1,FIRST_CHARGE,,,CHG/2023/60040,ACTIVE,,,1,2025-05-15,28275997.65,MARKET_VALUE,Knight Frank India Pvt Ltd,AVAILABLE,NOT_AVAILABLE,PENDING,NOT_APPLICABLE,NOT_AVAILABLE,17.686800,83.218500,BR-AP-005,REG-AP,,,Opposite Dwaraka Nagar Bus Stand
ABC-HFC-PROP-2026-Q1-001,HFC0000042,2026-03-31,FULL,collateral.data@abchfc.example.in,75,ABC-HL-0041,ABC-COL-0041,ABC-CIF-100041,INDUSTRIAL,WAREHOUSE,COMPLETED,VACANT,"51, Fort Main Road",Fort,Mumbai,Mumbai City,MH,400001,,Plot 41,,,,,,,3422.29,,SQFT,2010,,SALE_DEED,REG/2023/100041,2023-08-07,1,Priya Iyer,TFSBT4977T,INDIVIDUAL,100.00,PRIMARY_OWNER,INDIVIDUAL,Priya Iyer,TFSBT4977T,1971-06-14,9700000041,priya.iyer41@email.example.in,Y,,,,,,,,,,COMMERCIAL_PROPERTY_LOAN,2024-06-17,2024-07-13,36297269.99,23412170.62,8.3000,ACTIVE,2026-03-31,161,0,N,1,REGISTERED_MORTGAGE,,2024-08-12,,ACTIVE,,,1,2025-06-15,44757345.97,FAIR_VALUE,Knight Frank India Pvt Ltd,NOT_AVAILABLE,PENDING,NOT_APPLICABLE,AVAILABLE,PENDING,18.933200,72.832100,BR-MH-006,REG-MH,,,
ABC-HFC-PROP-2026-Q1-001,HFC0000042,2026-03-31,FULL,collateral.data@abchfc.example.in,75,ABC-HL-0042,ABC-COL-0042,ABC-CIF-100042,INDUSTRIAL,WAREHOUSE,UNDER_CONSTRUCTION,,"52, Powai Main Road",Powai,Mumbai,Mumbai Suburban,MH,400076,,Plot 42,,,,,PT-MH-9900042,PTIN,743.67,,SQFT,2011,,SALE_DEED,REG/2017/100042,2017-08-15,1,Amit Gupta,UQGLB5074Z,INDIVIDUAL,70.00,PRIMARY_OWNER,INDIVIDUAL,Amit Gupta,UQGLB5074Z,1972-07-15,9700000042,amit.gupta42@email.example.in,N,"62, FC Road",Central,Mumbai,MH,400076,,,,,COMMERCIAL_PROPERTY_LOAN,2018-07-18,2018-10-14,12094425.25,9803478.44,8.3500,ACTIVE,2026-03-31,162,0,N,1,EQUITABLE_MORTGAGE,,,CHG/2018/60042,ACTIVE,,,1,2025-07-15,15769455.87,FAIR_VALUE,Knight Frank India Pvt Ltd,PENDING,NOT_APPLICABLE,AVAILABLE,NOT_AVAILABLE,AVAILABLE,19.119600,72.908000,BR-MH-007,REG-MH,,Near Powai Market,Opposite Powai Bus Stand
ABC-HFC-PROP-2026-Q1-001,HFC0000042,2026-03-31,FULL,collateral.data@abchfc.example.in,75,ABC-HL-0043,ABC-COL-0043,ABC-CIF-100043,COMMERCIAL,SHOP,COMPLETED,RENTED,"53, Koregaon Park Main Road",Koregaon Park,Pune,Pune,MH,411014,143,,,CTS 443/4/1,,Tower D,,,2670.82,,SQFT,2012,,SALE_DEED,REG/2017/100043,2017-08-06,1,Sneha Kulkarni,VYVVJ5171F,INDIVIDUAL,100.00,PRIMARY_OWNER,INDIVIDUAL,Sneha Kulkarni,VYVVJ5171F,1973-08-16,9700000043,sneha.kulkarni43@email.example.in,Y,,,,,,,,,,COMMERCIAL_PROPERTY_LOAN,2019-08-19,2019-10-24,10407862.20,3896410.47,8.4000,ACTIVE,2026-03-31,163,0,N,1,SECOND_CHARGE,,,,ACTIVE,,XYZ National Bank,1,2025-08-15,12801925.71,FAIR_VALUE,Knight Frank India Pvt Ltd,NOT_APPLICABLE,AVAILABLE,NOT_AVAILABLE,PENDING,NOT_AVAILABLE,18.539200,73.898800,BR-MH-008,REG-MH,,,
ABC-HFC-PROP-2026-Q1-001,HFC0000042,2026-03-31,FULL,collateral.data@abchfc.example.in,75,ABC-HL-0044,ABC-COL-0044,ABC-CIF-100044,AGRICULTURAL,LAND,PLOT_ONLY,,"54, Ghodbunder Road Main Road",Ghodbunder Road,Thane,Thane,MH,400601,,Plot 44,144/C,,,,PID-MH-88044,PID,,8283.34,BIGHA,2013,,SALE_DEED,REG/2019/100044,2019-03-07,1,Vikram Reddy,WGKES5268M,INDIVIDUAL,100.00,PRIMARY_OWNER,INDIVIDUAL,Vikram Reddy,WGKES5268M,1974-09-17,9700000044,vikram.reddy44@email.example.in,Y,,,,,,,,,,PLOT_LOAN,2020-09-20,2020-10-14,41411699.58,0.00,8.4500,SETTLED,2026-03-31,164,0,N,1,PARI_PASSU,,,CHG/2020/60044,ACTIVE,,,1,2025-09-15,59898374.02,FAIR_VALUE,Knight Frank India Pvt Ltd,AVAILABLE,NOT_AVAILABLE,PENDING,NOT_APPLICABLE,NOT_APPLICABLE,19.222300,72.982100,BR-MH-009,REG-MH,,,Opposite Ghodbunder Road Bus Stand
ABC-HFC-PROP-2026-Q1-001,HFC0000042,2026-03-31,FULL,collateral.data@abchfc.example.in,75,ABC-HL-0045,ABC-COL-0045,ABC-CIF-100045,RESIDENTIAL,APARTMENT,UNDER_CONSTRUCTION,,"55, Dharampeth Main Road",Dharampeth,Nagpur,Nagpur,MH,440010,145,,245/1,,Prestige Lakeside Habitat,Tower A Block 2,,,2049.71,,SQFT,2014,25,SALE_DEED,REG/2020/100045,2020-11-21,1,Anita Kumar,XRZNZ5365S,INDIVIDUAL,100.00,PRIMARY_OWNER,INDIVIDUAL,Anita Kumar,XRZNZ5365S,1975-10-18,9700000045,anita.kumar45@email.example.in,N,"65, FC Road",Central,Nagpur,MH,440010,1,Rahul Kumar,RXNZL1496G,SIBLING,HOME_LOAN,2021-10-21,2021-11-27,4520329.00,4427350.81,8.5000,ACTIVE,2026-03-31,165,0,N,1,FIRST_CHARGE,,,,ACTIVE,,,1,2025-10-15,5739462.04,MARKET_VALUE,Knight Frank India Pvt Ltd,NOT_AVAILABLE,PENDING,NOT_APPLICABLE,AVAILABLE,AVAILABLE,21.150800,79.093200,BR-MH-010,REG-MH,2 BHK collateral in Nagpur,Near Dharampeth Market,
ABC-HFC-PROP-2026-Q1-001,HFC0000042,2026-03-31,FULL,collateral.data@abchfc.example.in,75,ABC-HL-0046,ABC-COL-0046,ABC-CIF-100046,COMMERCIAL,SHOP,COMPLETED,VACANT,"56, HSR Layout Main Road",HSR Layout,Bengaluru,Bengaluru Urban,KA,560102,146,,,,,Tower B,KH-560-800046,KHATA,2509.62,,SQFT,2015,,SALE_DEED,REG/2022/100046,2022-09-23,1,Suresh Verma,YZPXH5462Y,INDIVIDUAL,100.00,PRIMARY_OWNER,INDIVIDUAL,Suresh Verma,YZPXH5462Y,1976-11-19,9700000046,suresh.verma46@email.example.in,Y,,,,,,,,,,COMMERCIAL_PROPERTY_LOAN,2022-11-22,2022-12-21,10911888.18,7066900.88,8.5500,ACTIVE,2026-03-31,166,0,N,1,REGISTERED_MORTGAGE,,2023-01-20,CHG/2022/60046,ACTIVE,,,1,2025-11-15,13863090.80,MARKET_VALUE,Knight Frank India Pvt Ltd,PENDING,NOT_APPLICABLE,AVAILABLE,NOT_AVAILABLE,NOT_AVAILABLE,12.917600,77.644900,BR-KA-011,REG-KA,,,Opposite HSR Layout Bus Stand
ABC-HFC-PROP-2026-Q1-001,HFC0000042,2026-03-31,FULL,collateral.data@abchfc.example.in,75,ABC-HL-0047,ABC-COL-0047,ABC-CIF-100047,RESIDENTIAL,APARTMENT,COMPLETED,SELF_OCCUPIED,"57, Whitefield Main Road",Whitefield,Bengaluru,Bengaluru Urban,KA,560066,147,,,,Lodha Palava,Tower C Block 4,KH-560-800047,KHATA,1314.95,,SQFT,2016,27,SALE_DEED,REG/2023/100047,2023-10-30,1,Kavita Patel,ZHDGQ5559E,INDIVIDUAL,100.00,PRIMARY_OWNER,INDIVIDUAL,Kavita Patel,ZHDGQ5559E,1977-12-20,9700000047,kavita.patel47@email.example.in,Y,,,,,,,,,,HOME_LOAN,2023-12-23,2024-02-01,31444188.76,30063673.47,8.6000,RESTRUCTURED,2026-03-31,167,0,N,1,EQUITABLE_MORTGAGE,,,,ACTIVE,,,1,2025-12-15,40202283.89,MARKET_VALUE,Knight Frank India Pvt Ltd,NOT_APPLICABLE,AVAILABLE,NOT_AVAILABLE,PENDING,PENDING,12.976800,77.757000,BR-KA-012,REG-KA,4 BHK collateral in Bengaluru,,
ABC-HFC-PROP-2026-Q1-001,HFC0000042,2026-03-31,FULL,collateral.data@abchfc.example.in,75,ABC-HL-0048,ABC-COL-0048,ABC-CIF-100048,RESIDENTIAL,APARTMENT,COMPLETED,VACANT,"58, Adyar Main Road",Adyar,Chennai,Chennai,TN,600028,148,,,,Brigade Utopia,Tower D Block 1,PID-TN-88048,PID,456.2,,SQFT,2017,28,SALE_DEED,REG/2023/100048,2023-01-12,1,Rahul Singh,ASTRY5656K,INDIVIDUAL,100.00,PRIMARY_OWNER,INDIVIDUAL,Rahul Singh,ASTRY5656K,1978-01-21,9700000048,rahul.singh48@email.example.in,N,"68, FC Road",Central,Chennai,TN,411004,,,,,HOME_LOAN,2024-01-24,2024-04-06,43017961.55,27955974.56,8.6500,RESTRUCTURED,2026-03-31,168,0,N,1,SECOND_CHARGE,,,CHG/2024/60048,ACTIVE,,XYZ National Bank,1,2025-01-15,51738467.12,FAIR_VALUE,Knight Frank India Pvt Ltd,AVAILABLE,NOT_AVAILABLE,PENDING,NOT_APPLICABLE,AVAILABLE,13.014700,80.265200,BR-TN-001,REG-TN,2 BHK collateral in Chennai,Near Adyar Market,Opposite Adyar Bus Stand
ABC-HFC-PROP-2026-Q1-001,HFC0000042,2026-03-31,FULL,collateral.data@abchfc.example.in,75,ABC-HL-0049,ABC-COL-0049,ABC-CIF-100049,AGRICULTURAL,PLOT,PLOT_ONLY,,"59, Gachibowli Main Road",Gachibowli,Hyderabad,Hyderabad,TS,500032,,Plot 49,149/B,,,,PT-TS-9900049,PTIN,,7177.38,ACRE,2018,,SALE_DEED,REG/2017/100049,2017-02-24,1,Deepa Mehta,BAHAF5753R,INDIVIDUAL,70.00,PRIMARY_OWNER,INDIVIDUAL,Deepa Mehta,BAHAF5753R,1979-02-22,9700000049,deepa.mehta49@email.example.in,Y,,,,,,,,,,PLOT_LOAN,2018-02-25,2018-05-24,39430410.14,32257579.52,8.7000,ACTIVE,2026-03-31,169,0,N,1,PARI_PASSU,,,,ACTIVE,,,1,2025-02-15,57025405.42,FAIR_VALUE,Knight Frank India Pvt Ltd,NOT_AVAILABLE,PENDING,NOT_APPLICABLE,NOT_APPLICABLE,NOT_APPLICABLE,17.449100,78.357900,BR-TS-002,REG-TS,,,
ABC-HFC-PROP-2026-Q1-001,HFC0000042,2026-03-31,FULL,collateral.data@abchfc.example.in,75,ABC-HL-0050,ABC-COL-0050,ABC-CIF-100050,COMMERCIAL,SHOP,COMPLETED,SELF_OCCUPIED,"60, Saket Main Road",Saket,New Delhi,New Delhi,DL,110017,150,,250/1,,,Tower A,,,2709.24,,SQFT,2019,,SALE_DEED,REG/2018/100050,2018-03-19,1,Rajesh Sharma,CJWJP5850X,INDIVIDUAL,100.00,PRIMARY_OWNER,INDIVIDUAL,Rajesh Sharma,CJWJP5850X,1980-03-23,9700000050,rajesh.sharma50@email.example.in,Y,,,,,,1,Sneha Sharma,QNVZV2551W,SPOUSE,COMMERCIAL_PROPERTY_LOAN,2019-03-01,2019-05-12,44025474.30,27761806.21,8.7500,ACTIVE,2026-03-31,170,0,N,1,FIRST_CHARGE,,,CHG/2019/60050,ACTIVE,,,1,2025-03-15,54128942.87,FAIR_VALUE,Knight Frank India Pvt Ltd,PENDING,NOT_APPLICABLE,AVAILABLE,NOT_AVAILABLE,PENDING,28.524400,77.206600,BR-DL-003,REG-DL,,,Opposite Saket Bus Stand
ABC-HFC-PROP-2026-Q1-001,HFC0000042,2026-03-31,FULL,collateral.data@abchfc.example.in,75,ABC-HL-0051,ABC-COL-0051,ABC-CIF-100051,AGRICULTURAL,PLOT,PLOT_ONLY,,"61, Sector 29 Main Road",Sector 29,Gurugram,Gurugram,HR,122002,,Plot 51,151/A,,,,,,,7740.06,GUNTHA,2020,,SALE_DEED,REG/2019/100051,2019-05-02,1,Priya Iyer,DTLTW5947D,PRIVATE_LIMITED,100.00,PRIMARY_OWNER,PRIVATE_LIMITED,Greenfield Developers Pvt Ltd,AABCG5678M,,,priya.iyer51@email.example.in,N,,,,,,,,,,PLOT_LOAN,2020-04-02,2020-05-28,36909285.57,29657066.99,8.8000,ACTIVE,2026-03-31,171,0,N,1,REGISTERED_MORTGAGE,,2020-06-27,,ACTIVE,,,1,2025-04-15,51183323.65,MARKET_VALUE,Knight Frank India Pvt Ltd,NOT_APPLICABLE,AVAILABLE,NOT_AVAILABLE,NOT_APPLICABLE,NOT_APPLICABLE,28.460500,77.027600,BR-HR-004,REG-HR,,Near Sector 29 Market,
ABC-HFC-PROP-2026-Q1-001,HFC0000042,2026-03-31,FULL,collateral.data@abchfc.example.in,75,ABC-HL-0052,ABC-COL-0052,ABC-CIF-100052,RESIDENTIAL,APARTMENT,COMPLETED,VACANT,"62, Sector 62 Main Road",Sector 62,Noida,Gautam Buddha Nagar,UP,201301,152,,,,Lodha Palava,Tower C Block 1,PID-UP-88052,PID,3319.94,,SQFT,2021,7,SALE_DEED,REG/2020/100052,2020-12-12,1,Amit Gupta,EBACE6044J,INDIVIDUAL,100.00,PRIMARY_OWNER,INDIVIDUAL,Amit Gupta,EBACE6044J,1982-05-25,9700000052,amit.gupta52@email.example.in,Y,,,,,,,,,,HOME_LOAN,2021-05-03,2021-06-11,20842741.56,7625662.71,8.8500,ACTIVE,2026-03-31,172,0,N,1,EQUITABLE_MORTGAGE,,,CHG/2021/60052,ACTIVE,,,1,2025-05-15,29402821.02,MARKET_VALUE,Knight Frank India Pvt Ltd,AVAILABLE,NOT_AVAILABLE,PENDING,NOT_APPLICABLE,NOT_AVAILABLE,28.629000,77.366900,BR-UP-005,REG-UP,3 BHK collateral in Noida,,Opposite Sector 62 Bus Stand
ABC-HFC-PROP-2026-Q1-001,HFC0000042,2026-03-31,FULL,collateral.data@abchfc.example.in,75,ABC-HL-0053,ABC-COL-0053,ABC-CIF-100053,AGRICULTURAL,LAND,PLOT_ONLY,,"63, Park Street Main Road",Park Street,Kolkata,Kolkata,WB,700019,,Plot 53,153/C,,,,,,,12010.12,ACRE,2022,,SALE_DEED,REG/2021/100053,2021-06-06,1,Sneha Kulkarni,FKQMM6141Q,INDIVIDUAL,100.00,PRIMARY_OWNER,INDIVIDUAL,Sneha Kulkarni,FKQMM6141Q,1983-06-26,9700000053,sneha.kulkarni53@email.example.in,Y,,,,,,,,,,PLOT_LOAN,2022-06-04,2022-08-09,19847489.89,10396048.79,8.9000,ACTIVE,2026-03-31,173,0,N,1,SECOND_CHARGE,,,,ACTIVE,,XYZ National Bank,1,2025-06-15,28403214.05,MARKET_VALUE,Knight Frank India Pvt Ltd,NOT_AVAILABLE,PENDING,NOT_APPLICABLE,NOT_APPLICABLE,NOT_APPLICABLE,22.554000,88.356000,BR-WB-006,REG-WB,,,
ABC-HFC-PROP-2026-Q1-001,HFC0000042,2026-03-31,FULL,collateral.data@abchfc.example.in,75,ABC-HL-0054,ABC-COL-0054,ABC-CIF-100054,INDUSTRIAL,FACTORY,COMPLETED,VACANT,"64, Navrangpura Main Road",Navrangpura,Ahmedabad,Ahmedabad,GJ,380015,,Plot 54,,,,,,,3085.76,,SQFT,2005,,SALE_DEED,REG/2022/100054,2022-08-22,1,Vikram Reddy,GUEWU6238W,INDIVIDUAL,100.00,PRIMARY_OWNER,INDIVIDUAL,Vikram Reddy,GUEWU6238W,1984-07-27,9700000054,vikram.reddy54@email.example.in,N,"74, FC Road",Central,Ahmedabad,GJ,380015,,,,,COMMERCIAL_PROPERTY_LOAN,2023-07-05,2023-09-02,21438789.46,8670775.12,8.9500,ACTIVE,2026-03-31,174,0,N,1,PARI_PASSU,,,CHG/2023/60054,ACTIVE,,,1,2025-07-15,29058943.50,FAIR_VALUE,Knight Frank India Pvt Ltd,PENDING,NOT_APPLICABLE,AVAILABLE,NOT_AVAILABLE,AVAILABLE,23.034000,72.564100,BR-GJ-007,REG-GJ,,Near Navrangpura Market,Opposite Navrangpura Bus Stand
ABC-HFC-PROP-2026-Q1-001,HFC0000042,2026-03-31,FULL,collateral.data@abchfc.example.in,75,ABC-HL-0055,ABC-COL-0055,ABC-CIF-100055,AGRICULTURAL,LAND,PLOT_ONLY,,"65, C-Scheme Main Road",C-Scheme,Jaipur,Jaipur,RJ,302001,,Plot 55,155/B,,,,,,,23911.03,ACRE,2006,,SALE_DEED,REG/2024/100055,2024-04-12,1,Anita Kumar,HCUFC6335B,INDIVIDUAL,100.00,PRIMARY_OWNER,INDIVIDUAL,Anita Kumar,HCUFC6335B,1985-08-28,9700000055,anita.kumar55@email.example.in,Y,,,,,,1,Rahul Kumar,PEBZE3606L,SPOUSE,PLOT_LOAN,2024-08-06,2024-10-04,42546092.47,31628386.94,9.0000,ACTIVE,2026-03-31,175,0,N,1,FIRST_CHARGE,,,,ACTIVE,,,1,2025-08-15,59701233.56,MARKET_VALUE,Knight Frank India Pvt Ltd,NOT_APPLICABLE,AVAILABLE,NOT_AVAILABLE,NOT_APPLICABLE,NOT_APPLICABLE,26.917400,75.792300,BR-RJ-008,REG-RJ,,,
ABC-HFC-PROP-2026-Q1-001,HFC0000042,2026-03-31,FULL,collateral.data@abchfc.example.in,75,ABC-HL-0056,ABC-COL-0056,ABC-CIF-100056,RESIDENTIAL,APARTMENT,COMPLETED,RENTED,"66, Vijay Nagar Main Road",Vijay Nagar,Indore,Indore,MP,452001,156,,,,Godrej Platinum,Tower B Block 1,PID-MP-88056,PID,2360.5,,SQFT,2007,11,SALE_DEED,REG/2018/100056,2018-06-16,1,Suresh Verma,JLJPK6432H,INDIVIDUAL,70.00,PRIMARY_OWNER,INDIVIDUAL,Suresh Verma,JLJPK6432H,1986-09-01,9700000056,suresh.verma56@email.example.in,Y,,,,,,,,,,HOME_LOAN,2018-09-07,2018-11-21,41786247.84,40638054.50,9.0500,ACTIVE,2026-03-31,176,0,N,1,REGISTERED_MORTGAGE,,2018-12-21,CHG/2018/60056,ACTIVE,,,1,2025-09-15,49590237.00,MARKET_VALUE,Knight Frank India Pvt Ltd,AVAILABLE,NOT_AVAILABLE,PENDING,NOT_APPLICABLE,PENDING,22.725600,75.863700,BR-MP-009,REG-MP,4 BHK collateral in Indore,,Opposite Vijay Nagar Bus Stand
ABC-HFC-PROP-2026-Q1-001,HFC0000042,2026-03-31,FULL,collateral.data@abchfc.example.in,75,ABC-HL-0057,ABC-COL-0057,ABC-CIF-100057,RESIDENTIAL,ROW_HOUSE,COMPLETED,RENTED,"67, Kakkanad Main Road",Kakkanad,Kochi,Ernakulam,KL,682016,,Plot 57,,,Lodha Palava,,,,3246.43,,SQFT,2008,,SALE_DEED,REG/2017/100057,2017-10-14,1,Kavita Patel,KVXYT6529P,INDIVIDUAL,100.00,PRIMARY_OWNER,INDIVIDUAL,Kavita Patel,KVXYT6529P,1987-10-02,9700000057,kavita.patel57@email.example.in,N,"77, FC Road",Central,Kochi,KL,682016,,,,,HOME_LOAN,2019-10-08,2019-10-27,13285254.09,7079082.34,9.1000,ACTIVE,2026-03-31,177,0,N,1,EQUITABLE_MORTGAGE,,,,ACTIVE,,,1,2025-10-15,20533625.10,FAIR_VALUE,Knight Frank India Pvt Ltd,NOT_AVAILABLE,PENDING,NOT_APPLICABLE,AVAILABLE,AVAILABLE,9.988600,76.306900,BR-KL-010,REG-KL,,Near Kakkanad Market,
ABC-HFC-PROP-2026-Q1-001,HFC0000042,2026-03-31,FULL,collateral.data@abchfc.example.in,75,ABC-HL-0058,ABC-COL-0058,ABC-CIF-100058,COMMERCIAL,OFFICE,COMPLETED,RENTED,"68, Sector 17 Main Road",Sector 17,Chandigarh,Chandigarh,CH,160017,158,,,,,Tower D,,,2643.75,,SQFT,2009,13,SALE_DEED,REG/2020/100058,2020-05-26,1,Rahul Singh,LDMHA6626U,INDIVIDUAL,100.00,PRIMARY_OWNER,INDIVIDUAL,Rahul Singh,LDMHA6626U,1988-11-03,9700000058,rahul.singh58@email.example.in,Y,,,,,,,,,,COMMERCIAL_PROPERTY_LOAN,2020-11-09,2021-01-06,3126982.45,0.00,9.1500,CLOSED,2026-03-31,178,0,N,1,SECOND_CHARGE,,,CHG/2021/60058,RELEASED,2026-03-31,XYZ National Bank,1,2025-11-15,4495710.03,FAIR_VALUE,Knight Frank India Pvt Ltd,PENDING,NOT_APPLICABLE,AVAILABLE,NOT_AVAILABLE,NOT_AVAILABLE,30.741300,76.787400,BR-CH-011,REG-CH,,,Opposite Sector 17 Bus Stand
ABC-HFC-PROP-2026-Q1-001,HFC0000042,2026-03-31,FULL,collateral.data@abchfc.example.in,75,ABC-HL-0059,ABC-COL-0059,ABC-CIF-100059,RESIDENTIAL,VILLA,COMPLETED,RENTED,"69, Boring Road Main Road",Boring Road,Patna,Patna,BR,800001,,Plot 59,,,Embassy Lake Terraces,,,,2500.79,15889.65,SQFT,2010,,SALE_DEED,REG/2020/100059,2020-08-18,1,Deepa Mehta,MMBSJ6723A,INDIVIDUAL,100.00,PRIMARY_OWNER,INDIVIDUAL,Deepa Mehta,MMBSJ6723A,1989-12-04,9700000059,deepa.mehta59@email.example.in,Y,,,,,,,,,,HOME_LOAN,2021-12-10,2022-01-02,25128521.72,10420154.30,9.2000,ACTIVE,2026-03-31,179,0,N,1,PARI_PASSU,,,,ACTIVE,,,1,2025-12-15,38915771.03,MARKET_VALUE,Knight Frank India Pvt Ltd,NOT_APPLICABLE,AVAILABLE,NOT_AVAILABLE,PENDING,PENDING,25.603100,85.146600,BR-BR-012,REG-BR,,,
ABC-HFC-PROP-2026-Q1-001,HFC0000042,2026-03-31,FULL,collateral.data@abchfc.example.in,75,ABC-HL-0060,ABC-COL-0060,ABC-CIF-100060,RESIDENTIAL,APARTMENT,COMPLETED,SELF_OCCUPIED,"70, Dwaraka Nagar Main Road",Dwaraka Nagar,Visakhapatnam,Visakhapatnam,AP,530003,160,,260/1,,Prestige Lakeside Habitat,Tower A Block 1,PID-AP-88060,PID,2773.95,,SQFT,2011,15,SALE_DEED,REG/2021/100060,2021-05-27,1,Rajesh Sharma,NWRBR6820G,INDIVIDUAL,100.00,PRIMARY_OWNER,INDIVIDUAL,Rajesh Sharma,NWRBR6820G,1990-01-05,9700000060,rajesh.sharma60@email.example.in,N,"80, FC Road",Central,Visakhapatnam,AP,411004,1,Sneha Sharma,NWJYP4661A,SPOUSE,HOME_LOAN,2022-01-11,2022-03-16,42223677.15,34040809.39,9.2500,ACTIVE,2026-03-31,180,0,N,1,FIRST_CHARGE,,,CHG/2022/60060,ACTIVE,,,1,2025-01-15,59816630.93,MARKET_VALUE,Knight Frank India Pvt Ltd,AVAILABLE,NOT_AVAILABLE,PENDING,NOT_APPLICABLE,AVAILABLE,17.686800,83.218500,BR-AP-001,REG-AP,2 BHK collateral in Visakhapatnam,Near Dwaraka Nagar Market,Opposite Dwaraka Nagar Bus Stand
ABC-HFC-PROP-2026-Q1-001,HFC0000042,2026-03-31,FULL,collateral.data@abchfc.example.in,75,ABC-HL-0061,ABC-COL-0061,ABC-CIF-100061,RESIDENTIAL,VILLA,COMPLETED,SELF_OCCUPIED,"71, Fort Main Road",Fort,Mumbai,Mumbai City,MH,400001,,Plot 61,,CTS 461/6/1,Godrej Platinum,,,,1550.63,10200.41,SQFT,2012,,SALE_DEED,REG/2021/100061,2021-01-10,1,Priya Iyer,PEFKZ6917N,INDIVIDUAL,100.00,PRIMARY_OWNER,INDIVIDUAL,Priya Iyer,PEFKZ6917N,1991-02-06,9700000061,priya.iyer61@email.example.in,Y,,,,,,,,,,HOME_LOAN,2023-02-12,2023-05-02,30242653.98,21803762.03,9.3000,ACTIVE,2026-03-31,181,0,N,1,REGISTERED_MORTGAGE,,2023-06-01,,ACTIVE,,,1,2025-02-15,42714291.12,MARKET_VALUE,Knight Frank India Pvt Ltd,NOT_AVAILABLE,PENDING,NOT_APPLICABLE,AVAILABLE,NOT_AVAILABLE,18.933200,72.832100,BR-MH-002,REG-MH,,,
ABC-HFC-PROP-2026-Q1-001,HFC0000042,2026-03-31,FULL,collateral.data@abchfc.example.in,75,ABC-HL-0062,ABC-COL-0062,ABC-CIF-100062,RESIDENTIAL,ROW_HOUSE,UNDER_CONSTRUCTION,,"72, Powai Main Road",Powai,Mumbai,Mumbai Suburban,MH,400076,,Plot 62,,,Lodha Palava,,,,2765.64,,SQFT,2013,,SALE_DEED,REG/2022/100062,2022-07-24,1,Amit Gupta,QNVUG7014T,INDIVIDUAL,100.00,PRIMARY_OWNER,INDIVIDUAL,Amit Gupta,QNVUG7014T,1992-03-07,9700000062,amit.gupta62@email.example.in,Y,,,,,,,,,,HOME_LOAN,2024-03-13,2024-04-26,30108598.63,20166335.83,9.3500,ACTIVE,2026-03-31,182,0,N,1,EQUITABLE_MORTGAGE,,,CHG/2024/60062,ACTIVE,,,1,2025-03-15,43751077.73,MARKET_VALUE,Knight Frank India Pvt Ltd,PENDING,NOT_APPLICABLE,AVAILABLE,NOT_AVAILABLE,PENDING,19.119600,72.908000,BR-MH-003,REG-MH,,,Opposite Powai Bus Stand
ABC-HFC-PROP-2026-Q1-001,HFC0000042,2026-03-31,FULL,collateral.data@abchfc.example.in,75,ABC-HL-0063,ABC-COL-0063,ABC-CIF-100063,RESIDENTIAL,APARTMENT,COMPLETED,SELF_OCCUPIED,"73, Koregaon Park Main Road",Koregaon Park,Pune,Pune,MH,411014,163,,,CTS 463/8/1,Brigade Utopia,Tower D Block 4,PT-MH-9900063,PTIN,1551.88,,SQFT,2014,18,SALE_DEED,REG/2017/100063,2017-03-14,1,Sneha Kulkarni,RXKDQ7111Z,INDIVIDUAL,70.00,PRIMARY_OWNER,INDIVIDUAL,Sneha Kulkarni,RXKDQ7111Z,1993-04-08,9700000063,sneha.kulkarni63@email.example.in,N,"83, FC Road",Central,Pune,MH,411014,,,,,HOME_LOAN,2018-04-14,2018-05-24,39472440.70,15299279.73,9.4000,ACTIVE,2026-03-31,183,0,N,1,SECOND_CHARGE,,,,ACTIVE,,XYZ National Bank,1,2025-04-15,58193880.87,FAIR_VALUE,Knight Frank India Pvt Ltd,NOT_APPLICABLE,AVAILABLE,NOT_AVAILABLE,PENDING,AVAILABLE,18.539200,73.898800,BR-MH-004,REG-MH,2 BHK collateral in Pune,Near Koregaon Park Market,
ABC-HFC-PROP-2026-Q1-001,HFC0000042,2026-03-31,FULL,collateral.data@abchfc.example.in,75,ABC-HL-0064,ABC-COL-0064,ABC-CIF-100064,RESIDENTIAL,ROW_HOUSE,COMPLETED,SELF_OCCUPIED,"74, Ghodbunder Road Main Road",Ghodbunder Road,Thane,Thane,MH,400601,,Plot 64,,,Embassy Lake Terraces,,PID-MH-88064,PID,2010.47,,SQFT,2015,,SALE_DEED,REG/2018/100064,2018-06-14,1,Vikram Reddy,SFYNX7208F,INDIVIDUAL,100.00,PRIMARY_OWNER,INDIVIDUAL,Vikram Reddy,SFYNX7208F,1994-05-09,9700000064,vikram.reddy64@email.example.in,Y,,,,,,,,,,HOME_LOAN,2019-05-15,2019-07-31,22606206.67,0.00,9.4500,SETTLED,2026-03-31,184,0,N,1,PARI_PASSU,,,CHG/2019/60064,ACTIVE,,,1,2025-05-15,32459836.01,MARKET_VALUE,Knight Frank India Pvt Ltd,AVAILABLE,NOT_AVAILABLE,PENDING,NOT_APPLICABLE,NOT_AVAILABLE,19.222300,72.982100,BR-MH-005,REG-MH,,,Opposite Ghodbunder Road Bus Stand
ABC-HFC-PROP-2026-Q1-001,HFC0000042,2026-03-31,FULL,collateral.data@abchfc.example.in,75,ABC-HL-0065,ABC-COL-0065,ABC-CIF-100065,COMMERCIAL,OFFICE,COMPLETED,VACANT,"75, Dharampeth Main Road",Dharampeth,Nagpur,Nagpur,MH,440010,165,,265/1,,,Tower A,,,1698.06,,SQFT,2016,20,SALE_DEED,REG/2019/100065,2019-12-29,1,Anita Kumar,TPNXF7305L,INDIVIDUAL,100.00,PRIMARY_OWNER,INDIVIDUAL,Anita Kumar,TPNXF7305L,1995-06-10,9700000065,anita.kumar65@email.example.in,Y,,,,,,1,Rahul Kumar,MMRYZ5716Q,SPOUSE,COMMERCIAL_PROPERTY_LOAN,2020-06-16,2020-07-20,26277986.34,0.00,9.5000,CLOSED,2026-03-31,185,0,N,1,FIRST_CHARGE,,,,RELEASED,2026-03-31,,1,2025-06-15,39083428.34,MARKET_VALUE,Knight Frank India Pvt Ltd,NOT_AVAILABLE,PENDING,NOT_APPLICABLE,AVAILABLE,PENDING,21.150800,79.093200,BR-MH-006,REG-MH,,,
ABC-HFC-PROP-2026-Q1-001,HFC0000042,2026-03-31,FULL,collateral.data@abchfc.example.in,75,ABC-HL-0066,ABC-COL-0066,ABC-CIF-100066,RESIDENTIAL,APARTMENT,COMPLETED,SELF_OCCUPIED,"76, HSR Layout Main Road",HSR Layout,Bengaluru,Bengaluru Urban,KA,560102,166,,,,Godrej Platinum,Tower B Block 3,KH-560-800066,KHATA,2541.7,,SQFT,2017,21,SALE_DEED,REG/2021/100066,2021-05-25,1,Suresh Verma,UYCGN7402S,INDIVIDUAL,100.00,PRIMARY_OWNER,INDIVIDUAL,Suresh Verma,UYCGN7402S,1996-07-11,9700000066,suresh.verma66@email.example.in,N,"86, FC Road",Central,Bengaluru,KA,560102,,,,,HOME_LOAN,2021-07-17,2021-08-10,23536677.56,12172115.68,9.5500,RESTRUCTURED,2026-03-31,186,0,N,1,REGISTERED_MORTGAGE,,2021-09-09,CHG/2021/60066,ACTIVE,,,1,2025-07-15,35168052.98,MARKET_VALUE,Knight Frank India Pvt Ltd,PENDING,NOT_APPLICABLE,AVAILABLE,NOT_AVAILABLE,AVAILABLE,12.917600,77.644900,BR-KA-007,REG-KA,2 BHK collateral in Bengaluru,Near HSR Layout Market,Opposite HSR Layout Bus Stand
ABC-HFC-PROP-2026-Q1-001,HFC0000042,2026-03-31,FULL,collateral.data@abchfc.example.in,75,ABC-HL-0067,ABC-COL-0067,ABC-CIF-100067,RESIDENTIAL,PLOT,PLOT_ONLY,,"77, Whitefield Main Road",Whitefield,Bengaluru,Bengaluru Urban,KA,560066,,Plot 67,167/B,,,,KH-560-800067,KHATA,,12847.79,SQFT,2018,,SALE_DEED,REG/2021/100067,2021-10-26,1,Kavita Patel,VGSQV7499Y,INDIVIDUAL,100.00,PRIMARY_OWNER,INDIVIDUAL,Kavita Patel,VGSQV7499Y,1997-08-12,9700000067,kavita.patel67@email.example.in,Y,,,,,,,,,,PLOT_LOAN,2022-08-18,2022-10-13,14913779.07,12922587.14,9.6000,ACTIVE,2026-03-31,187,0,N,1,EQUITABLE_MORTGAGE,,,,ACTIVE,,,1,2025-08-15,20368722.48,FAIR_VALUE,Knight Frank India Pvt Ltd,NOT_APPLICABLE,AVAILABLE,NOT_AVAILABLE,NOT_APPLICABLE,NOT_APPLICABLE,12.976800,77.757000,BR-KA-008,REG-KA,,,
ABC-HFC-PROP-2026-Q1-001,HFC0000042,2026-03-31,FULL,collateral.data@abchfc.example.in,75,ABC-HL-0068,ABC-COL-0068,ABC-CIF-100068,RESIDENTIAL,APARTMENT,UNDER_CONSTRUCTION,,"78, Adyar Main Road",Adyar,Chennai,Chennai,TN,600028,168,,,,Brigade Utopia,Tower D Block 1,PID-TN-88068,PID,1815.45,,SQFT,2019,23,SALE_DEED,REG/2023/100068,2023-03-19,1,Rahul Singh,WQGZD7596E,LLP,100.00,PRIMARY_OWNER,LLP,Sunrise Traders LLP,AABCS1234L,,,rahul.singh68@email.example.in,Y,,,,,,,,,,HOME_LOAN,2023-09-19,2023-11-06,35755287.96,27564197.50,9.6500,RESTRUCTURED,2026-03-31,188,0,N,1,SECOND_CHARGE,,,CHG/2023/60068,ACTIVE,,XYZ National Bank,1,2025-09-15,46575823.35,MARKET_VALUE,Knight Frank India Pvt Ltd,AVAILABLE,NOT_AVAILABLE,PENDING,NOT_APPLICABLE,PENDING,13.014700,80.265200,BR-TN-009,REG-TN,4 BHK collateral in Chennai,,Opposite Adyar Bus Stand
ABC-HFC-PROP-2026-Q1-001,HFC0000042,2026-03-31,FULL,collateral.data@abchfc.example.in,75,ABC-HL-0069,ABC-COL-0069,ABC-CIF-100069,INDUSTRIAL,WAREHOUSE,COMPLETED,VACANT,"79, Gachibowli Main Road",Gachibowli,Hyderabad,Hyderabad,TS,500032,,Plot 69,,,,,,,1354.71,,SQFT,2020,,SALE_DEED,REG/2023/100069,2023-12-05,1,Deepa Mehta,XZWJL7693K,INDIVIDUAL,100.00,PRIMARY_OWNER,INDIVIDUAL,Deepa Mehta,XZWJL7693K,1999-10-14,9700000069,deepa.mehta69@email.example.in,N,"89, FC Road",Central,Hyderabad,TS,500032,,,,,COMMERCIAL_PROPERTY_LOAN,2024-10-20,2025-01-02,30306473.58,28605407.65,9.7000,ACTIVE,2026-03-31,189,0,N,1,PARI_PASSU,,,,ACTIVE,,,1,2025-10-15,38575878.22,MARKET_VALUE,Knight Frank India Pvt Ltd,NOT_AVAILABLE,PENDING,NOT_APPLICABLE,AVAILABLE,AVAILABLE,17.449100,78.357900,BR-TS-010,REG-TS,,Near Gachibowli Market,
ABC-HFC-PROP-2026-Q1-001,HFC0000042,2026-03-31,FULL,collateral.data@abchfc.example.in,75,ABC-HL-0070,ABC-COL-0070,ABC-CIF-100070,RESIDENTIAL,APARTMENT,COMPLETED,SELF_OCCUPIED,"80, Saket Main Road",Saket,New Delhi,New Delhi,DL,110017,170,,270/1,,Prestige Lakeside Habitat,Tower A Block 3,PT-DL-9900070,PTIN,1739.04,,SQFT,2021,25,SALE_DEED,REG/2017/100070,2017-07-08,1,Rajesh Sharma,YHLTU7790R,INDIVIDUAL,70.00,PRIMARY_OWNER,INDIVIDUAL,Rajesh Sharma,YHLTU7790R,1965-11-15,9700000070,rajesh.sharma70@email.example.in,Y,,,,,,1,Sneha Sharma,LDYYJ6771E,SPOUSE,HOME_LOAN,2018-11-21,2019-01-18,5403046.65,4057768.52,9.7500,ACTIVE,2026-03-31,190,0,N,1,FIRST_CHARGE,,,CHG/2019/60070,ACTIVE,,,1,2025-11-15,7637509.68,FAIR_VALUE,Knight Frank India Pvt Ltd,PENDING,NOT_APPLICABLE,AVAILABLE,NOT_AVAILABLE,NOT_AVAILABLE,28.524400,77.206600,BR-DL-011,REG-DL,3 BHK collateral in New Delhi,,Opposite Saket Bus Stand
ABC-HFC-PROP-2026-Q1-001,HFC0000042,2026-03-31,FULL,collateral.data@abchfc.example.in,75,ABC-HL-0071,ABC-COL-0071,ABC-CIF-100071,RESIDENTIAL,APARTMENT,COMPLETED,RENTED,"81, Sector 29 Main Road",Sector 29,Gurugram,Gurugram,HR,122002,171,,,,Godrej Platinum,Tower B Block 4,,,2281.55,,SQFT,2022,26,SALE_DEED,REG/2018/100071,2018-05-29,1,Priya Iyer,ZRZCB7887X,INDIVIDUAL,100.00,PRIMARY_OWNER,INDIVIDUAL,Priya Iyer,ZRZCB7887X,1966-12-16,9700000071,priya.iyer71@email.example.in,Y,,,,,,,,,,HOME_LOAN,2019-12-22,2020-03-09,28552584.08,27923110.60,9.8000,ACTIVE,2026-03-31,191,0,N,1,REGISTERED_MORTGAGE,,2020-04-08,,ACTIVE,,,1,2025-12-15,40331161.93,FAIR_VALUE,Knight Frank India Pvt Ltd,NOT_APPLICABLE,AVAILABLE,NOT_AVAILABLE,PENDING,PENDING,28.460500,77.027600,BR-HR-012,REG-HR,4 BHK collateral in Gurugram,,
ABC-HFC-PROP-2026-Q1-001,HFC0000042,2026-03-31,FULL,collateral.data@abchfc.example.in,75,ABC-HL-0072,ABC-COL-0072,ABC-CIF-100072,COMMERCIAL,OFFICE,PLOT_ONLY,,"82, Sector 62 Main Road",Sector 62,Noida,Gautam Buddha Nagar,UP,201301,172,,,,,Tower C,PID-UP-88072,PID,2921.34,,SQFT,2005,27,SALE_DEED,REG/2018/100072,2018-02-19,1,Amit Gupta,AAPLK7984C,INDIVIDUAL,100.00,PRIMARY_OWNER,INDIVIDUAL,Amit Gupta,AAPLK7984C,1967-01-17,9700000072,amit.gupta72@email.example.in,N,"92, FC Road",Central,Noida,UP,411004,,,,,COMMERCIAL_PROPERTY_LOAN,2020-01-23,2020-02-28,24673261.18,21512284.91,9.8500,ACTIVE,2026-03-31,192,0,N,1,EQUITABLE_MORTGAGE,,,CHG/2020/60072,ACTIVE,,,1,2025-01-15,29291773.96,FAIR_VALUE,Knight Frank India Pvt Ltd,AVAILABLE,NOT_AVAILABLE,PENDING,NOT_APPLICABLE,NOT_APPLICABLE,28.629000,77.366900,BR-UP-001,REG-UP,,Near Sector 62 Market,Opposite Sector 62 Bus Stand
ABC-HFC-PROP-2026-Q1-001,HFC0000042,2026-03-31,FULL,collateral.data@abchfc.example.in,75,ABC-HL-0073,ABC-COL-0073,ABC-CIF-100073,RESIDENTIAL,APARTMENT,COMPLETED,RENTED,"83, Park Street Main Road",Park Street,Kolkata,Kolkata,WB,700019,173,,,,Brigade Utopia,Tower D Block 2,,,982.4,,SQFT,2006,28,SALE_DEED,REG/2020/100073,2020-10-27,1,Sneha Kulkarni,BJDVS8081J,INDIVIDUAL,100.00,PRIMARY_OWNER,INDIVIDUAL,Sneha Kulkarni,BJDVS8081J,1968-02-18,9700000073,sneha.kulkarni73@email.example.in,Y,,,,,,,,,,HOME_LOAN,2021-02-24,2021-04-29,20413269.82,19275034.87,9.9000,ACTIVE,2026-03-31,193,0,N,1,SECOND_CHARGE,,,,ACTIVE,,XYZ National Bank,1,2025-02-15,26949207.99,FAIR_VALUE,Knight Frank India Pvt Ltd,NOT_AVAILABLE,PENDING,NOT_APPLICABLE,AVAILABLE,NOT_AVAILABLE,22.554000,88.356000,BR-WB-002,REG-WB,3 BHK collateral in Kolkata,,
ABC-HFC-PROP-2026-Q1-001,HFC0000042,2026-03-31,FULL,collateral.data@abchfc.example.in,75,ABC-HL-0074,ABC-COL-0074,ABC-CIF-100074,RESIDENTIAL,APARTMENT,COMPLETED,RENTED,"84, Navrangpura Main Road",Navrangpura,Ahmedabad,Ahmedabad,GJ,380015,174,,,,Embassy Lake Terraces,Tower E Block 3,,,1488.99,,SQFT,2007,29,SALE_DEED,REG/2021/100074,2021-03-18,1,Vikram Reddy,CSTEA8178Q,INDIVIDUAL,100.00,PRIMARY_OWNER,INDIVIDUAL,Vikram Reddy,CSTEA8178Q,1969-03-19,9700000074,vikram.reddy74@email.example.in,Y,,,,,,,,,,HOME_LOAN,2022-03-25,2022-05-26,10491103.05,7111087.12,9.9500,ACTIVE,2026-03-31,194,0,N,1,PARI_PASSU,,,CHG/2022/60074,ACTIVE,,,1,2025-03-15,15304337.19,MARKET_VALUE,Knight Frank India Pvt Ltd,PENDING,NOT_APPLICABLE,AVAILABLE,NOT_AVAILABLE,PENDING,23.034000,72.564100,BR-GJ-003,REG-GJ,4 BHK collateral in Ahmedabad,,Opposite Navrangpura Bus Stand
ABC-HFC-PROP-2026-Q1-001,HFC0000042,2026-03-31,FULL,collateral.data@abchfc.example.in,75,ABC-HL-0075,ABC-COL-0075,ABC-CIF-100075,RESIDENTIAL,APARTMENT,COMPLETED,SELF_OCCUPIED,"85, C-Scheme Main Road",C-Scheme,Jaipur,Jaipur,RJ,302001,175,,275/1,,Prestige Lakeside Habitat,Tower A Block 4,,,3474.81,,SQFT,2008,5,SALE_DEED,REG/2022/100075,2022-03-11,1,Anita Kumar,DBHPH8275V,INDIVIDUAL,100.00,PRIMARY_OWNER,INDIVIDUAL,Anita Kumar,DBHPH8275V,1970-04-20,9700000075,anita.kumar75@email.example.in,N,"95, FC Road",Central,Jaipur,RJ,302001,1,Rahul Kumar,KVEYT7826U,SPOUSE,HOME_LOAN,2023-04-01,2023-05-16,14376266.92,0.00,10.0000,CLOSED,2026-03-31,195,0,N,1,FIRST_CHARGE,,,,RELEASED,2026-03-31,,1,2025-04-15,22071486.86,FAIR_VALUE,Knight Frank India Pvt Ltd,NOT_APPLICABLE,AVAILABLE,NOT_AVAILABLE,PENDING,AVAILABLE,26.917400,75.792300,BR-RJ-004,REG-RJ,2 BHK collateral in Jaipur,Near C-Scheme Market,
