RECORD_TYPE,MEMBER_LOAN_ACCOUNT_NUMBER,MEMBER_PROPERTY_REFERENCE,PRODUCT_TYPE,SANCTION_DATE,DISBURSEMENT_DATE,SANCTION_AMOUNT,CURRENT_OUTSTANDING,INTEREST_RATE,ACCOUNT_STATUS,ACCOUNT_STATUS_DATE,TENURE_MONTHS,EMI_AMOUNT,DPD,NPA_CLASSIFICATION
LOAN_ACCOUNT,ABC-HL-0001,ABC-COL-0001,PLOT_LOAN,2019-02-02,2019-03-15,2674269.95,2236797.41,8.3000,ACTIVE,2026-03-31,121,20503.98,0,STANDARD
LOAN_ACCOUNT,ABC-HL-0002,ABC-COL-0002,HOME_LOAN,2020-03-03,2020-05-05,43911663.11,23234694.87,8.3500,ACTIVE,2026-03-31,122,212984.70,0,STANDARD
LOAN_ACCOUNT,ABC-HL-0003,ABC-COL-0003,HOME_LOAN,2021-04-04,2021-04-28,11376913.69,8161550.19,8.4000,ACTIVE,2026-03-31,123,74814.21,0,SMA0
LOAN_ACCOUNT,ABC-HL-0004,ABC-COL-0004,LAP,2022-05-05,2022-07-28,15177452.02,11087371.24,8.4500,ACTIVE,2026-03-31,124,101634.24,0,SMA1
LOAN_ACCOUNT,ABC-HL-0005,ABC-COL-0005,PLOT_LOAN,2023-06-06,2023-07-30,32728578.77,17664061.38,8.5000,ACTIVE,2026-03-31,125,161920.56,0,SMA2
LOAN_ACCOUNT,ABC-HL-0006,ABC-COL-0006,PLOT_LOAN,2024-07-07,2024-08-26,29466454.08,10615378.59,8.5500,ACTIVE,2026-03-31,126,97307.64,0,SUB_STANDARD
LOAN_ACCOUNT,ABC-HL-0007,ABC-COL-0007,HOME_LOAN,2018-08-08,2018-10-03,11233855.68,10167057.18,8.6000,ACTIVE,2026-03-31,127,93198.02,0,DOUBTFUL
LOAN_ACCOUNT,ABC-HL-0008,ABC-COL-0008,HOME_LOAN,2019-09-09,2019-11-02,19471304.95,0.00,8.6500,WRITTEN_OFF,2026-03-31,128,0.00,120,LOSS
LOAN_ACCOUNT,ABC-HL-0009,ABC-COL-0009,HOME_LOAN,2020-10-10,2020-11-25,14696326.06,12696587.47,8.7000,ACTIVE,2026-03-31,129,116385.39,0,STANDARD
LOAN_ACCOUNT,ABC-HL-0010,ABC-COL-0010,HOME_LOAN,2021-11-11,2022-02-03,25538269.32,21255725.68,8.7500,ACTIVE,2026-03-31,130,194844.15,0,STANDARD
LOAN_ACCOUNT,ABC-HL-0011,ABC-COL-0011,HOME_LOAN,2022-12-12,2023-02-22,21405212.00,15810389.58,8.8000,ACTIVE,2026-03-31,131,144928.57,11,SMA0
LOAN_ACCOUNT,ABC-HL-0012,ABC-COL-0012,HOME_LOAN,2023-01-13,2023-03-09,9908032.78,5228537.80,8.8500,ACTIVE,2026-03-31,132,47928.26,0,SMA1
LOAN_ACCOUNT,ABC-HL-0013,ABC-COL-0013,HOME_LOAN,2024-02-14,2024-04-28,18120863.04,8811972.77,8.9000,ACTIVE,2026-03-31,133,80776.42,0,SMA2
LOAN_ACCOUNT,ABC-HL-0014,ABC-COL-0014,CONSTRUCTION_LOAN,2018-03-15,2018-06-04,24284178.12,0.00,8.9500,CLOSED,2026-03-31,134,0.00,0,SUB_STANDARD
LOAN_ACCOUNT,ABC-HL-0015,ABC-COL-0015,LAP,2019-04-16,2019-06-17,43918473.23,0.00,9.0000,WRITTEN_OFF,2026-03-31,135,0.00,120,LOSS
LOAN_ACCOUNT,ABC-HL-0016,ABC-COL-0016,COMMERCIAL_PROPERTY_LOAN,2020-05-17,2020-06-07,39994463.27,27867844.24,9.0500,ACTIVE,2026-03-31,136,255455.24,0,STANDARD
LOAN_ACCOUNT,ABC-HL-0017,ABC-COL-0017,PLOT_LOAN,2021-06-18,2021-07-10,28599305.45,14286880.97,9.1000,ACTIVE,2026-03-31,137,130963.08,0,STANDARD
LOAN_ACCOUNT,ABC-HL-0018,ABC-COL-0018,PLOT_LOAN,2022-07-19,2022-10-11,35732810.11,14505200.38,9.1500,ACTIVE,2026-03-31,138,132964.34,0,STANDARD
LOAN_ACCOUNT,ABC-HL-0019,ABC-COL-0019,HOME_LOAN,2023-08-20,2023-11-10,8996459.95,7399928.31,9.2000,ACTIVE,2026-03-31,139,67832.68,0,SMA0
LOAN_ACCOUNT,ABC-HL-0020,ABC-COL-0020,COMMERCIAL_PROPERTY_LOAN,2024-09-21,2024-10-26,39769703.84,20172354.68,9.2500,ACTIVE,2026-03-31,140,184913.25,0,SMA1
LOAN_ACCOUNT,ABC-HL-0021,ABC-COL-0021,HOME_LOAN,2018-10-22,2018-12-01,23883304.92,21750510.14,9.3000,ACTIVE,2026-03-31,141,199379.68,0,SMA2
LOAN_ACCOUNT,ABC-HL-0022,ABC-COL-0022,HOME_LOAN,2019-11-23,2020-01-03,44007037.00,0.00,9.3500,CLOSED,2026-03-31,142,0.00,0,SUB_STANDARD
LOAN_ACCOUNT,ABC-HL-0023,ABC-COL-0023,HOME_LOAN,2020-12-24,2021-03-24,26082680.51,23342599.71,9.4000,ACTIVE,2026-03-31,143,213973.83,0,DOUBTFUL
LOAN_ACCOUNT,ABC-HL-0024,ABC-COL-0024,COMMERCIAL_PROPERTY_LOAN,2021-01-25,2021-04-14,41238311.58,37511609.26,9.4500,ACTIVE,2026-03-31,144,343856.42,0,STANDARD
LOAN_ACCOUNT,ABC-HL-0025,ABC-COL-0025,LAP,2022-02-01,2022-04-28,5520384.05,4720701.58,9.5000,ACTIVE,2026-03-31,145,43273.10,0,STANDARD
LOAN_ACCOUNT,ABC-HL-0026,ABC-COL-0026,HOME_LOAN,2023-03-02,2023-03-28,36297269.99,23412170.62,9.5500,ACTIVE,2026-03-31,146,214611.56,0,STANDARD
LOAN_ACCOUNT,ABC-HL-0027,ABC-COL-0027,HOME_LOAN,2024-04-03,2024-05-11,17598334.15,7853592.16,9.6000,ACTIVE,2026-03-31,147,71991.26,0,SMA0
LOAN_ACCOUNT,ABC-HL-0028,ABC-COL-0028,PLOT_LOAN,2018-05-04,2018-06-23,15148820.15,0.00,9.6500,SETTLED,2026-03-31,148,0.00,0,SMA1
LOAN_ACCOUNT,ABC-HL-0029,ABC-COL-0029,PLOT_LOAN,2019-06-05,2019-08-19,6268048.35,2975404.14,9.7000,ACTIVE,2026-03-31,149,27274.54,0,SMA2
LOAN_ACCOUNT,ABC-HL-0030,ABC-COL-0030,HOME_LOAN,2020-07-06,2020-08-12,11114167.86,7461987.57,9.7500,ACTIVE,2026-03-31,150,68401.55,0,SUB_STANDARD
LOAN_ACCOUNT,ABC-HL-0031,ABC-COL-0031,HOME_LOAN,2021-08-07,2021-10-01,39749064.71,35672361.71,9.8000,ACTIVE,2026-03-31,151,326996.65,0,DOUBTFUL
LOAN_ACCOUNT,ABC-HL-0032,ABC-COL-0032,HOME_LOAN,2022-09-08,2022-10-18,23886711.35,8609724.36,9.8500,ACTIVE,2026-03-31,152,78922.47,0,STANDARD
LOAN_ACCOUNT,ABC-HL-0033,ABC-COL-0033,HOME_LOAN,2023-10-09,2023-11-17,12679016.67,6644313.92,9.9000,ACTIVE,2026-03-31,153,60906.21,33,STANDARD
LOAN_ACCOUNT,ABC-HL-0034,ABC-COL-0034,HOME_LOAN,2024-11-10,2025-01-26,21803779.30,10031846.18,9.9500,ACTIVE,2026-03-31,154,91958.59,0,STANDARD
LOAN_ACCOUNT,ABC-HL-0035,ABC-COL-0035,COMMERCIAL_PROPERTY_LOAN,2018-12-11,2019-03-11,43055415.64,17191266.13,10.0000,ACTIVE,2026-03-31,155,157586.61,0,SMA0
LOAN_ACCOUNT,ABC-HL-0036,ABC-COL-0036,LAP,2019-01-12,2019-03-05,2867544.13,1336709.21,10.0500,ACTIVE,2026-03-31,156,9425.51,0,SMA1
LOAN_ACCOUNT,ABC-HL-0037,ABC-COL-0037,HOME_LOAN,2020-02-13,2020-05-06,43361205.04,0.00,10.1000,WRITTEN_OFF,2026-03-31,157,0.00,120,LOSS
LOAN_ACCOUNT,ABC-HL-0038,ABC-COL-0038,PLOT_LOAN,2021-03-14,2021-05-17,42223677.15,34040809.39,10.1500,ACTIVE,2026-03-31,158,240031.35,0,SUB_STANDARD
LOAN_ACCOUNT,ABC-HL-0039,ABC-COL-0039,HOME_LOAN,2022-04-15,2022-05-27,15048841.99,0.00,10.2000,CLOSED,2026-03-31,159,0.00,0,DOUBTFUL
LOAN_ACCOUNT,ABC-HL-0040,ABC-COL-0040,COMMERCIAL_PROPERTY_LOAN,2023-05-16,2023-06-07,39472440.70,0.00,8.2500,SETTLED,2026-03-31,160,0.00,0,STANDARD
LOAN_ACCOUNT,ABC-HL-0041,ABC-COL-0041,LAP,2024-06-17,2024-07-25,12818325.90,8444492.87,8.3000,ACTIVE,2026-03-31,161,59544.50,0,STANDARD
LOAN_ACCOUNT,ABC-HL-0042,ABC-COL-0042,CONSTRUCTION_LOAN,2018-07-18,2018-08-11,4071200.26,3957917.39,8.3500,ACTIVE,2026-03-31,162,27908.39,0,STANDARD
LOAN_ACCOUNT,ABC-HL-0043,ABC-COL-0043,COMMERCIAL_PROPERTY_LOAN,2019-08-19,2019-09-28,28191187.02,14489637.75,8.4000,ACTIVE,2026-03-31,163,102170.52,0,SMA0
LOAN_ACCOUNT,ABC-HL-0044,ABC-COL-0044,PLOT_LOAN,2020-09-20,2020-10-13,25381892.46,0.00,8.4500,SETTLED,2026-03-31,164,0.00,0,SMA1
LOAN_ACCOUNT,ABC-HL-0045,ABC-COL-0045,HOME_LOAN,2021-10-21,2022-01-07,28552584.08,27923110.60,8.5000,ACTIVE,2026-03-31,165,196893.73,0,SMA2
LOAN_ACCOUNT,ABC-HL-0046,ABC-COL-0046,COMMERCIAL_PROPERTY_LOAN,2022-11-22,2023-01-15,28732162.67,27684858.97,8.5500,ACTIVE,2026-03-31,166,195213.75,0,SUB_STANDARD
LOAN_ACCOUNT,ABC-HL-0047,ABC-COL-0047,HOME_LOAN,2023-12-23,2024-02-18,17915405.65,13586962.04,8.6000,RESTRUCTURED,2026-03-31,167,95805.50,0,SUB_STANDARD
LOAN_ACCOUNT,ABC-HL-0048,ABC-COL-0048,HOME_LOAN,2024-01-24,2024-04-05,22914736.28,9228397.88,8.6500,RESTRUCTURED,2026-03-31,168,65072.04,0,SUB_STANDARD
LOAN_ACCOUNT,ABC-HL-0049,ABC-COL-0049,PLOT_LOAN,2018-02-25,2018-05-04,29119894.40,12599440.08,8.7000,ACTIVE,2026-03-31,169,88842.21,0,STANDARD
LOAN_ACCOUNT,ABC-HL-0050,ABC-COL-0050,COMMERCIAL_PROPERTY_LOAN,2019-03-01,2019-03-28,26532973.76,23665757.28,8.7500,ACTIVE,2026-03-31,170,166873.93,0,STANDARD
LOAN_ACCOUNT,ABC-HL-0051,ABC-COL-0051,PLOT_LOAN,2020-04-02,2020-05-13,12688317.95,11861334.26,8.8000,ACTIVE,2026-03-31,171,83637.61,0,SMA0
LOAN_ACCOUNT,ABC-HL-0052,ABC-COL-0052,HOME_LOAN,2021-05-03,2021-05-24,15722239.73,12733893.92,8.8500,ACTIVE,2026-03-31,172,89790.28,0,SMA1
LOAN_ACCOUNT,ABC-HL-0053,ABC-COL-0053,PLOT_LOAN,2022-06-04,2022-08-09,35326273.42,25142594.41,8.9000,ACTIVE,2026-03-31,173,177287.52,0,SMA2
LOAN_ACCOUNT,ABC-HL-0054,ABC-COL-0054,LAP,2023-07-05,2023-08-07,7065350.84,2930507.67,8.9500,ACTIVE,2026-03-31,174,20663.84,0,SUB_STANDARD
LOAN_ACCOUNT,ABC-HL-0055,ABC-COL-0055,LAP,2024-08-06,2024-09-26,40812313.21,15045817.63,9.0000,ACTIVE,2026-03-31,175,106092.30,55,DOUBTFUL
LOAN_ACCOUNT,ABC-HL-0056,ABC-COL-0056,HOME_LOAN,2018-09-07,2018-12-01,31309411.84,22877649.88,9.0500,ACTIVE,2026-03-31,176,161316.76,0,STANDARD
LOAN_ACCOUNT,ABC-HL-0057,ABC-COL-0057,HOME_LOAN,2019-10-08,2019-11-09,9900826.52,9634330.93,9.1000,ACTIVE,2026-03-31,177,67934.38,0,STANDARD
LOAN_ACCOUNT,ABC-HL-0058,ABC-COL-0058,COMMERCIAL_PROPERTY_LOAN,2020-11-09,2021-02-03,32351623.01,0.00,9.1500,CLOSED,2026-03-31,178,0.00,0,STANDARD
LOAN_ACCOUNT,ABC-HL-0059,ABC-COL-0059,HOME_LOAN,2021-12-10,2021-12-31,10209909.45,7477112.24,9.2000,ACTIVE,2026-03-31,179,52723.23,0,SMA0
LOAN_ACCOUNT,ABC-HL-0060,ABC-COL-0060,HOME_LOAN,2022-01-11,2022-04-04,41135519.37,19055456.41,9.2500,ACTIVE,2026-03-31,180,134365.40,0,SMA1
LOAN_ACCOUNT,ABC-HL-0061,ABC-COL-0061,HOME_LOAN,2023-02-12,2023-04-10,39692267.80,35068898.32,9.3000,ACTIVE,2026-03-31,181,247280.69,0,SMA2
LOAN_ACCOUNT,ABC-HL-0062,ABC-COL-0062,HOME_LOAN,2024-03-13,2024-05-27,33464993.83,14030461.11,9.3500,ACTIVE,2026-03-31,182,98932.74,0,SUB_STANDARD
LOAN_ACCOUNT,ABC-HL-0063,ABC-COL-0063,HOME_LOAN,2018-04-14,2018-06-03,3084690.26,1605951.91,9.4000,ACTIVE,2026-03-31,183,11324.02,0,DOUBTFUL
LOAN_ACCOUNT,ABC-HL-0064,ABC-COL-0064,HOME_LOAN,2019-05-15,2019-07-11,7003839.49,0.00,9.4500,SETTLED,2026-03-31,184,0.00,0,STANDARD
LOAN_ACCOUNT,ABC-HL-0065,ABC-COL-0065,COMMERCIAL_PROPERTY_LOAN,2020-06-16,2020-09-05,4221470.47,0.00,9.5000,CLOSED,2026-03-31,185,0.00,0,STANDARD
LOAN_ACCOUNT,ABC-HL-0066,ABC-COL-0066,HOME_LOAN,2021-07-17,2021-08-31,25165610.16,17247588.59,9.5500,RESTRUCTURED,2026-03-31,186,121617.61,0,SUB_STANDARD
LOAN_ACCOUNT,ABC-HL-0067,ABC-COL-0067,PLOT_LOAN,2022-08-18,2022-10-28,13642821.45,10623727.29,9.6000,ACTIVE,2026-03-31,187,74910.90,0,SMA0
LOAN_ACCOUNT,ABC-HL-0068,ABC-COL-0068,HOME_LOAN,2023-09-19,2023-11-02,18260994.47,12022938.21,9.6500,RESTRUCTURED,2026-03-31,188,84777.13,0,SUB_STANDARD
LOAN_ACCOUNT,ABC-HL-0069,ABC-COL-0069,PLOT_LOAN,2024-10-20,2024-12-08,22982290.36,8760043.47,9.7000,ACTIVE,2026-03-31,189,61769.54,0,SMA2
LOAN_ACCOUNT,ABC-HL-0070,ABC-COL-0070,HOME_LOAN,2018-11-21,2018-12-11,28536258.79,17704485.36,9.7500,ACTIVE,2026-03-31,190,124839.32,0,SUB_STANDARD
LOAN_ACCOUNT,ABC-HL-0071,ABC-COL-0071,HOME_LOAN,2019-12-22,2020-03-17,28814860.38,16764490.81,9.8000,ACTIVE,2026-03-31,191,118211.15,0,DOUBTFUL
LOAN_ACCOUNT,ABC-HL-0072,ABC-COL-0072,COMMERCIAL_PROPERTY_LOAN,2020-01-23,2020-02-07,24750542.64,8909966.16,9.8500,ACTIVE,2026-03-31,192,51046.68,0,STANDARD
LOAN_ACCOUNT,ABC-HL-0073,ABC-COL-0073,HOME_LOAN,2021-02-24,2021-04-17,5784524.81,5086789.52,9.9000,ACTIVE,2026-03-31,193,29143.06,0,STANDARD
LOAN_ACCOUNT,ABC-HL-0074,ABC-COL-0074,HOME_LOAN,2022-03-25,2022-06-22,31969994.13,28946087.38,9.9500,ACTIVE,2026-03-31,194,165836.96,0,STANDARD
LOAN_ACCOUNT,ABC-HL-0075,ABC-COL-0075,HOME_LOAN,2023-04-01,2023-06-20,4689294.60,0.00,10.0000,CLOSED,2026-03-31,195,0.00,0,SMA0
